ArtistID,GenreID
Q296,Q134307
Q296,Q170571
Q296,Q191163
Q392,Q8341
Q392,Q9759
Q392,Q11399
Q392,Q83440
Q392,Q180268
Q392,Q186472
Q392,Q613408
Q392,Q753520
Q392,Q1541229
Q392,Q2407862
Q392,Q11700058
Q557,Q11399
Q557,Q27190
Q557,Q217467
Q557,Q598929
Q909,Q482
Q909,Q35760
Q1203,Q7749
Q1203,Q11399
Q1203,Q37073
Q1203,Q83270
Q1203,Q193355
Q1203,Q206159
Q1203,Q217467
Q1203,Q484641
Q1203,Q546264
Q1203,Q1640319
Q1203,Q1641839
Q1299,Q7749
Q1299,Q11399
Q1299,Q37073
Q1299,Q83270
Q1299,Q186472
Q1299,Q193355
Q1299,Q206159
Q1299,Q235858
Q1299,Q546264
Q1299,Q1641839
Q1299,Q56351111
Q1470,Q128115
Q1470,Q170571
Q1470,Q191163
Q1470,Q192110
Q1470,Q1935974
Q1470,Q2302151
Q1470,Q29527347
Q3772,Q47783
Q3772,Q130232
Q3772,Q157443
Q3772,Q172980
Q3772,Q188473
Q3772,Q200092
Q3772,Q319221
Q3772,Q369747
Q3772,Q459290
Q3772,Q496523
Q3772,Q959790
Q3772,Q1200678
Q3772,Q2484376
Q3772,Q19367312
Q3772,Q113485322
Q5383,Q6010
Q5383,Q9778
Q5383,Q11366
Q5383,Q11399
Q5383,Q37073
Q5383,Q76092
Q5383,Q83270
Q5383,Q131272
Q5383,Q187760
Q5383,Q193207
Q5383,Q206159
Q5383,Q217467
Q5383,Q383982
Q5383,Q484641
Q5383,Q790188
Q5383,Q885561
Q5383,Q1641839
Q5383,Q25094849
Q5577,Q134307
Q5577,Q170571
Q5577,Q191163
Q5577,Q214127
Q5577,Q2839016
Q5577,Q2864737
Q5582,Q134307
Q5582,Q170571
Q5582,Q191163
Q5582,Q192110
Q5582,Q645717
Q5582,Q1935974
Q5582,Q18811686
Q5588,Q134307
Q5588,Q192110
Q5588,Q1400853
Q5589,Q170571
Q5589,Q191163
Q151097,Q128115
Q151097,Q557141
Q151097,Q1622217
Q151097,Q7101826
Q151152,Q128115
Q151152,Q134307
Q151152,Q170571
Q151152,Q1622217
Q151152,Q3006706
Q151165,Q134307
Q151573,Q134307
Q151573,Q170571
Q151573,Q191163
Q151573,Q1935974
Q151573,Q29527347
Q151580,Q128115
Q151580,Q557141
Q151679,Q170571
Q151803,Q128115
Q151803,Q134307
Q151803,Q170571
Q151803,Q191163
Q151803,Q192110
Q151803,Q2839016
Q151803,Q29527347
Q152233,Q191970
Q152233,Q207103
Q152384,Q11629
Q152384,Q11634
Q152384,Q45621
Q152384,Q128115
Q152384,Q1027879
Q152524,Q1622217
Q152788,Q40446
Q152788,Q50030
Q152788,Q170571
Q152788,Q191163
Q152788,Q2864737
Q152788,Q16875712
Q152797,Q134307
Q152797,Q166030
Q152797,Q191163
Q152797,Q1622217
Q153048,Q128115
Q153104,Q40446
Q153104,Q134307
Q153104,Q170571
Q153104,Q191163
Q153104,Q1047337
Q153104,Q1400853
Q153104,Q2302151
Q153104,Q2839016
Q153104,Q2864737
Q153104,Q3374376
Q153104,Q29527347
Q153739,Q128115
Q153739,Q170571
Q153793,Q170571
Q153793,Q191163
Q153793,Q1047337
Q153793,Q16875712
Q153965,Q203209
Q154260,Q191163
Q154331,Q1344
Q154335,Q128115
Q154335,Q203209
Q154335,Q1622217
Q154340,Q134307
Q154340,Q1622217
Q154349,Q134307
Q154349,Q170571
Q154349,Q191163
Q154349,Q742333
Q154349,Q1047337
Q154349,Q2839016
Q154448,Q128115
Q154448,Q466521
Q154594,Q40446
Q154594,Q134307
Q154594,Q170571
Q154594,Q191163
Q154594,Q192110
Q154594,Q1047337
Q154594,Q16875712
Q154842,Q128115
Q154842,Q134307
Q154842,Q191163
Q154842,Q16875712
Q154842,Q29527347
Q155057,Q128115
Q155057,Q170571
Q155057,Q29527347
Q155158,Q128115
Q155407,Q17514
Q155407,Q1622217
Q156214,Q8261
Q156272,Q40446
Q156272,Q134307
Q156272,Q170571
Q156272,Q191163
Q5589,Q840430
Q5589,Q1400853
Q5589,Q5448026
Q5593,Q40446
Q5593,Q45621
Q5593,Q128115
Q5593,Q134307
Q5593,Q158607
Q5593,Q170571
Q5593,Q191163
Q5593,Q192110
Q5593,Q733095
Q5593,Q742333
Q5593,Q1027879
Q5593,Q1622217
Q5593,Q2839016
Q5593,Q3374376
Q5593,Q16875712
Q5593,Q29527347
Q5603,Q134307
Q5603,Q170571
Q5603,Q1400853
Q5912,Q11629
Q5912,Q11633
Q5912,Q11634
Q5912,Q203209
Q5912,Q572916
Q5912,Q1622217
Q7531,Q128115
Q7836,Q39427
Q7836,Q40446
Q7836,Q134307
Q7836,Q170571
Q7836,Q191163
Q7836,Q1935974
Q7836,Q16875712
Q7836,Q18811686
Q7836,Q29527347
Q8003,Q180902
Q8003,Q727553
Q8704,Q202866
Q8704,Q1361932
Q8877,Q130232
Q8877,Q157394
Q8877,Q157443
Q8877,Q188473
Q8877,Q200092
Q8877,Q319221
Q8877,Q369747
Q8877,Q471839
Q8877,Q959790
Q8877,Q1200678
Q8877,Q2484376
Q8877,Q10663882
Q8877,Q109626272
Q8877,Q109629396
Q8877,Q109733304
Q16409,Q482
Q16409,Q18536349
Q19504,Q80113
Q24218,Q213156
Q24218,Q1744327
Q24503,Q203209
Q25120,Q167776
Q25120,Q1135802
Q26408,Q40446
Q26408,Q134307
Q26408,Q191163
Q26408,Q214127
Q30755,Q40446
Q30755,Q134307
Q30755,Q557141
Q30755,Q2839016
Q30755,Q29527347
Q33477,Q170571
Q33477,Q191163
Q33477,Q742333
Q33477,Q3374353
Q33978,Q128115
Q33978,Q170571
Q33981,Q134307
Q33981,Q191163
Q34013,Q134307
Q34013,Q191163
Q34013,Q214127
Q34661,Q34636
Q34661,Q134307
Q34661,Q191163
Q34661,Q742333
Q34661,Q1047337
Q34661,Q2864737
Q34661,Q29527347
Q35548,Q134307
Q35548,Q170571
Q35548,Q191163
Q35548,Q214127
Q36290,Q8341
Q36290,Q37073
Q36290,Q45981
Q36290,Q58339
Q36290,Q131272
Q36290,Q316930
Q37571,Q128115
Q37693,Q134307
Q37693,Q170571
Q37693,Q191163
Q37693,Q1047337
Q37693,Q29527347
Q38082,Q482
Q38082,Q82571
Q38082,Q131539
Q38082,Q936749
Q38082,Q1166618
Q38082,Q1971461
Q38785,Q134307
Q39931,Q40446
Q39931,Q134307
Q39931,Q158607
Q39931,Q170571
Q39931,Q191163
Q39931,Q1047337
Q39931,Q1400853
Q39931,Q2864737
Q39931,Q3374376
Q39931,Q16875712
Q39931,Q29527347
Q40116,Q134307
Q40599,Q134307
Q40599,Q170571
Q40599,Q191163
Q40599,Q214127
Q40599,Q2414609
Q41148,Q93204
Q41148,Q130232
Q41148,Q157394
Q41148,Q157443
Q41148,Q172980
Q41148,Q185867
Q41148,Q188473
Q41148,Q200092
Q41148,Q319221
Q41148,Q369747
Q41148,Q496523
Q41148,Q645928
Q41148,Q652256
Q41148,Q859369
Q41148,Q959790
Q41148,Q1200678
Q41148,Q1339864
Q41148,Q2421031
Q41148,Q2484376
Q41148,Q7444356
Q41148,Q17013749
Q41148,Q19367312
Q41148,Q108466999
Q41148,Q109629396
Q41148,Q109733304
Q41148,Q113485322
Q41148,Q116514801
Q41406,Q80113
Q41406,Q134307
Q41406,Q191163
Q41406,Q192110
Q41406,Q214127
Q41508,Q162324
Q42455,Q9778
Q42455,Q11366
Q42455,Q11399
Q42455,Q1640319
Q42455,Q2332751
Q42455,Q25094849
Q42455,Q124357128
Q43203,Q93204
Q43203,Q130232
Q43203,Q157394
Q43203,Q157443
Q43203,Q172980
Q43203,Q188473
Q43203,Q200092
Q43203,Q212781
Q43203,Q319221
Q43203,Q369747
Q43203,Q959790
Q43203,Q1200678
Q43203,Q1339864
Q43203,Q2484376
Q43203,Q109629396
Q43203,Q109733304
Q44007,Q128115
Q44007,Q2316866
Q44032,Q134307
Q44032,Q191163
Q44032,Q192110
Q44032,Q2839016
Q44032,Q5448026
Q44054,Q40446
Q44054,Q128115
Q44054,Q170571
Q44054,Q191163
Q44054,Q1047337
Q50049,Q134307
Q50049,Q1935974
Q51492,Q248583
Q51492,Q1935609
Q51545,Q39427
Q53001,Q193541
Q55195,Q517386
Q55198,Q93204
Q55210,Q173436
Q55210,Q7207520
Q55422,Q130232
Q55422,Q157394
Q55422,Q200092
Q55422,Q471839
Q55422,Q1200678
Q55422,Q2484376
Q55422,Q10663882
Q55422,Q102260466
Q55422,Q109629396
Q55422,Q109733304
Q56005,Q130232
Q56005,Q188473
Q56005,Q200092
Q56005,Q319221
Q56005,Q471839
Q56005,Q959790
Q56005,Q1200678
Q56005,Q2484376
Q56005,Q5769663
Q56005,Q7444356
Q56005,Q10663882
Q56005,Q17013749
Q56005,Q109629396
Q56005,Q109733304
Q56005,Q114413232
Q56005,Q116514801
Q56094,Q130232
Q56094,Q157394
Q56094,Q188473
Q56094,Q200092
Q56094,Q319221
Q56094,Q369747
Q56094,Q652256
Q56094,Q853630
Q56094,Q959790
Q56094,Q1054574
Q56094,Q1200678
Q56094,Q2484376
Q56094,Q5769663
Q56094,Q7444356
Q56094,Q17013749
Q56094,Q19367312
Q56094,Q43911809
Q56094,Q102260466
Q56094,Q109629396
Q56094,Q109733304
Q56094,Q113485322
Q56094,Q114413232
Q56094,Q116456802
Q56094,Q116514801
Q60809,Q191163
Q61064,Q11629
Q61064,Q17737
Q61064,Q128115
Q61064,Q1027879
Q61507,Q128115
Q61594,Q6034
Q61594,Q40446
Q61594,Q262343
Q67231,Q128115
Q67231,Q1622217
Q99924,Q9778
Q102711,Q130232
Q102711,Q172980
Q102711,Q188473
Q102711,Q319221
Q102711,Q369747
Q102711,Q652256
Q102711,Q959790
Q102711,Q1200678
Q102711,Q2484376
Q102711,Q109733304
Q105320,Q191163
Q105320,Q1400853
Q107194,Q40446
Q107194,Q134307
Q107194,Q170571
Q107194,Q482919
Q107194,Q1047337
Q108301,Q191163
Q114405,Q191163
Q115873,Q128115
Q116054,Q212431
Q117012,Q9778
Q117012,Q11366
Q117012,Q11399
Q117012,Q37073
Q117012,Q102932
Q117012,Q108908
Q117012,Q187760
Q117012,Q203209
Q117012,Q255546
Q117012,Q316930
Q117012,Q817138
Q117012,Q1207347
Q117012,Q1640319
Q118936,Q482
Q118936,Q11635
Q118936,Q3305213
Q119438,Q11629
Q119438,Q93184
Q120993,Q1400853
Q123454,Q207103
Q123487,Q11629
Q123487,Q11634
Q123740,Q40446
Q123740,Q134307
Q123740,Q170571
Q123740,Q191163
Q123740,Q192110
Q123740,Q214127
Q123740,Q3374376
Q125121,Q8341
Q125121,Q37073
Q125121,Q45981
Q125121,Q131272
Q125121,Q164444
Q125121,Q180268
Q125121,Q484641
Q126074,Q368002
Q126506,Q326478
Q130777,Q11629
Q130777,Q128115
Q130777,Q170571
Q130777,Q737201
Q130777,Q1622217
Q132305,Q128115
Q132305,Q134307
Q132305,Q191163
Q132305,Q1622217
Q132964,Q1661
Q132964,Q25379
Q132964,Q374278
Q132964,Q474090
Q133855,Q739672
Q134741,Q134307
Q134741,Q170571
Q134741,Q191163
Q134741,Q5448026
Q142472,Q134307
Q142472,Q1622217
Q156272,Q742333
Q156272,Q1047337
Q156272,Q2302151
Q156272,Q2414609
Q156386,Q170571
Q156386,Q191163
Q156386,Q5448026
Q156426,Q134307
Q156426,Q170571
Q156426,Q191163
Q156426,Q192110
Q156426,Q1935974
Q156426,Q2864737
Q156426,Q29527347
Q156622,Q40446
Q156622,Q128115
Q156622,Q134307
Q156622,Q170571
Q156622,Q191163
Q156622,Q753683
Q156622,Q1935974
Q156622,Q2302151
Q156622,Q2839016
Q156622,Q3374376
Q156731,Q557141
Q156731,Q1622217
Q156736,Q128115
Q156889,Q40446
Q156889,Q134307
Q156889,Q170571
Q156889,Q191163
Q157183,Q134307
Q157183,Q170571
Q157183,Q191163
Q157183,Q2414609
Q157183,Q5448026
Q157194,Q128115
Q157194,Q134307
Q157194,Q170571
Q157194,Q191163
Q157194,Q214127
Q157194,Q2302151
Q157194,Q29527347
Q157321,Q128115
Q157321,Q134307
Q157321,Q170571
Q157321,Q1047337
Q157578,Q40446
Q157578,Q128115
Q157578,Q170571
Q157578,Q29527347
Q157610,Q134307
Q157610,Q191163
Q157610,Q1622217
Q157610,Q2414609
Q157610,Q3374376
Q158056,Q212431
Q158062,Q134307
Q158062,Q191163
Q158062,Q1047337
Q158080,Q1622217
Q158840,Q134307
Q158840,Q170571
Q158840,Q645717
Q158840,Q1047337
Q158840,Q1935974
Q159409,Q128115
Q159409,Q262343
Q159409,Q1622217
Q159465,Q134147
Q159566,Q128115
Q159907,Q11633
Q159907,Q191163
Q159907,Q214127
Q159907,Q860372
Q159907,Q1027879
Q159907,Q1400853
Q160115,Q11634
Q160115,Q212431
Q160115,Q20437094
Q160115,Q57261466
Q160141,Q191163
Q160141,Q1400853
Q160149,Q128115
Q160172,Q128115
Q160448,Q128115
Q162105,Q134307
Q163938,Q11634
Q163938,Q128115
Q163938,Q466521
Q164351,Q128115
Q164351,Q134307
Q164351,Q158607
Q164351,Q170571
Q164351,Q191163
Q164351,Q212431
Q164351,Q214127
Q164351,Q1935974
Q164351,Q2302151
Q164358,Q262343
Q167132,Q134307
Q167132,Q191163
Q167132,Q214127
Q167414,Q128115
Q168587,Q128115
Q168665,Q212431
Q168704,Q557141
Q168704,Q1622217
Q169281,Q557141
Q169281,Q1622217
Q169984,Q134307
Q169984,Q170571
Q169984,Q191163
Q169984,Q1047337
Q169984,Q2864737
Q169984,Q29527347
Q170068,Q134307
Q170071,Q128115
Q170076,Q128115
Q170344,Q128115
Q170344,Q191163
Q170345,Q40446
Q170345,Q134307
Q170345,Q170571
Q170345,Q191163
Q170345,Q1935974
Q170345,Q16875712
Q170345,Q29527347
Q170411,Q1957814
Q171128,Q57261466
Q173223,Q191163
Q173223,Q214127
Q173223,Q1400853
Q173223,Q29527347
Q174655,Q128115
Q177313,Q128115
Q177313,Q466521
Q177313,Q104011663
Q178040,Q843393
Q180727,Q1344
Q180727,Q9730
Q180727,Q9778
Q180727,Q213156
Q180727,Q623715
Q180727,Q823560
Q180727,Q1338153
Q180727,Q1640319
Q180727,Q2332751
Q181956,Q134307
Q182589,Q631931
Q185850,Q191163
Q185850,Q3374353
Q188626,Q11366
Q188626,Q181861
Q188626,Q183504
Q188626,Q823080
Q188626,Q1641839
Q189729,Q1344
Q189729,Q9734
Q189729,Q572901
Q189729,Q906647
Q192990,Q53094
Q192990,Q21010853
Q200622,Q203209
Q200644,Q1622217
Q202621,Q173436
Q202621,Q2316866
Q202741,Q11399
Q202741,Q187760
Q202741,Q598929
Q202741,Q837837
Q202741,Q2281409
Q203401,Q214127
Q203401,Q18353841
Q203643,Q40446
Q203643,Q134307
Q203643,Q158607
Q203643,Q191163
Q203643,Q742333
Q203643,Q1400853
Q203643,Q18353841
Q205001,Q187760
Q205001,Q598929
Q206820,Q40446
Q206820,Q134307
Q206820,Q158607
Q206820,Q191163
Q206820,Q214127
Q206820,Q1400853
Q213596,Q134307
Q213727,Q134307
Q213734,Q50030
Q213734,Q1027879
Q214642,Q676
Q214666,Q134307
Q215457,Q128115
Q215457,Q173436
Q215461,Q128115
Q215805,Q178659
Q215805,Q635427
Q215805,Q1027879
Q215919,Q40446
Q215919,Q134307
Q215919,Q191163
Q216480,Q134307
Q217434,Q170571
Q217434,Q191163
Q217434,Q1400853
Q217434,Q29527347
Q221732,Q203209
Q221732,Q1622217
Q229272,Q40446
Q229272,Q134307
Q229272,Q170571
Q229272,Q191163
Q229272,Q214127
Q229272,Q2302151
Q229455,Q134307
Q229455,Q192110
Q230120,Q134307
Q230120,Q2864737
Q230673,Q134307
Q231121,Q128115
Q231121,Q212431
Q231121,Q557141
Q231861,Q134307
Q231861,Q1935974
Q232391,Q941875
Q232972,Q128115
Q232972,Q170571
Q232972,Q191163
Q233088,Q134307
Q233088,Q12303833
Q233207,Q3374376
Q233207,Q5448026
Q234109,Q128115
Q234109,Q557141
Q234279,Q134307
Q234324,Q39427
Q234324,Q1622217
Q234370,Q134307
Q234449,Q128115
Q234608,Q134307
Q234608,Q182956
Q235063,Q128115
Q235066,Q213156
Q235275,Q191163
Q235275,Q18811686
Q235275,Q29527347
Q235281,Q128115
Q235281,Q191163
Q235318,Q186030
Q236619,Q482
Q237959,Q128115
Q238364,Q134307
Q238364,Q1935974
Q238678,Q40446
Q238678,Q134307
Q238678,Q170571
Q239394,Q134307
Q239394,Q170571
Q239394,Q191163
Q241098,Q134307
Q241185,Q212431
Q241185,Q213156
Q241927,Q466521
Q242308,Q192110
Q242889,Q37073
Q242889,Q187760
Q250293,Q128115
Q250293,Q173436
Q254663,Q40446
Q254663,Q678649
Q255294,Q134307
Q255294,Q170571
Q255294,Q191163
Q256434,Q40446
Q256434,Q134307
Q256434,Q191163
Q257113,Q557141
Q257928,Q170571
Q259594,Q40446
Q259594,Q128115
Q259594,Q170571
Q259594,Q1935974
Q259594,Q2316866
Q259594,Q29527347
Q260436,Q482
Q260436,Q492537
Q260617,Q40446
Q260617,Q134307
Q260617,Q1047337
Q260617,Q2864737
Q260617,Q5448026
Q260969,Q185867
Q261846,Q134307
Q262284,Q212431
Q262284,Q429785
Q262284,Q682010
Q262284,Q22669857
Q551865,Q128115
Q551865,Q170571
Q551899,Q17737
Q551899,Q82604
Q551899,Q128115
Q551899,Q173436
Q551899,Q1027879
Q553259,Q128115
Q553259,Q134307
Q553259,Q170571
Q553259,Q191163
Q553259,Q5448026
Q553790,Q187760
Q553952,Q128115
Q553952,Q1054254
Q555224,Q134307
Q555505,Q173782
Q555505,Q482919
Q556534,Q1400853
Q558332,Q8341
Q558332,Q557141
Q558432,Q128115
Q559281,Q1622217
Q561283,Q1622217
Q561930,Q80113
Q562540,Q134307
Q564945,Q186030
Q565472,Q128115
Q565802,Q128115
Q565802,Q2302151
Q567396,Q557141
Q567396,Q1622217
Q567396,Q1744327
Q567547,Q326478
Q567547,Q596594
Q568262,Q128115
Q568924,Q576913
Q569003,Q9778
Q569003,Q193207
Q569003,Q217467
Q569003,Q650316
Q569003,Q25094849
Q569369,Q134307
Q570353,Q128115
Q571399,Q212431
Q571399,Q682010
Q571469,Q128115
Q576570,Q134307
Q581763,Q134307
Q583959,Q572916
Q583959,Q57261466
Q586843,Q128115
Q589781,Q188539
Q593621,Q557141
Q593715,Q128115
Q594368,Q11634
Q595342,Q192110
Q600456,Q212431
Q603870,Q12271
Q603870,Q590870
Q604267,Q128115
Q604340,Q128115
Q604340,Q20437094
Q610532,Q131221
Q612519,Q128115
Q620483,Q134307
Q620483,Q170571
Q620483,Q191163
Q620483,Q214127
Q622814,Q11634
Q624868,Q1622217
Q629054,Q557141
Q632656,Q128115
Q632656,Q466521
Q636680,Q21590660
Q639413,Q134307
Q640936,Q11629
Q652723,Q134307
Q653742,Q1622217
Q653742,Q16875712
Q655398,Q203209
Q655398,Q212431
Q655484,Q134307
Q655484,Q1027879
Q657493,Q128115
Q657493,Q203209
Q657493,Q212431
Q659535,Q128115
Q661176,Q134307
Q661520,Q203209
Q662900,Q557141
Q664257,Q1054254
Q664291,Q8341
Q666171,Q191163
Q667780,Q128115
Q667780,Q173436
Q671883,Q134307
Q675099,Q128115
Q678094,Q134307
Q683009,Q817138
Q72615,Q128115
Q72615,Q134307
Q72615,Q482919
Q72615,Q29527347
Q78508,Q226730
Q78646,Q128115
Q82445,Q134307
Q82445,Q214127
Q82445,Q2302151
Q83158,Q25372
Q83158,Q80930
Q83626,Q206159
Q83626,Q211573
Q83626,Q2296495
Q93284,Q102932
Q93284,Q134307
Q93284,Q191163
Q93284,Q2302151
Q93284,Q2864737
Q95955,Q11851144
Q44054,Q2302151
Q44426,Q643782
Q45205,Q134307
Q46139,Q128115
Q46139,Q262343
Q46373,Q134307
Q46373,Q214127
Q46408,Q128115
Q46408,Q170571
Q46408,Q191163
Q46408,Q1246516
Q46408,Q12303833
Q47496,Q213156
Q47780,Q333353
Q47780,Q18353841
Q164683,Q40446
Q164683,Q134307
Q164683,Q170571
Q164683,Q191163
Q164683,Q192110
Q164683,Q645717
Q164683,Q742333
Q164683,Q3374376
Q164683,Q16875712
Q164683,Q18811686
Q164683,Q29527347
Q164775,Q589655
Q165275,Q128115
Q165397,Q128115
Q165397,Q1622217
Q165648,Q128115
Q165648,Q134307
Q165648,Q170571
Q165648,Q192110
Q165648,Q1400853
Q705225,Q11634
Q705225,Q203209
Q705880,Q40446
Q705880,Q134307
Q705880,Q1622217
Q706041,Q40446
Q706041,Q170571
Q706041,Q1047337
Q706335,Q128115
Q706335,Q557141
Q706475,Q2355696
Q707675,Q134307
Q707675,Q5448026
Q707911,Q128115
Q708504,Q128115
Q708544,Q557141
Q711799,Q214127
Q711799,Q29527347
Q711903,Q191163
Q711903,Q1400853
Q712176,Q205560
Q712176,Q251192
Q719614,Q134307
Q720832,Q212431
Q720832,Q213156
Q720832,Q5376667
Q720832,Q7499861
Q724140,Q191163
Q725199,Q1622217
Q725390,Q134307
Q728088,Q134307
Q731721,Q11399
Q731721,Q217467
Q731721,Q1640319
Q736247,Q128115
Q737635,Q191163
Q737635,Q1935974
Q738892,Q128115
Q740966,Q326478
Q740966,Q1421557
Q763368,Q11629
Q763368,Q11634
Q763368,Q1027879
Q765387,Q128115
Q765873,Q134307
Q769610,Q128115
Q781561,Q128115
Q787155,Q1344
Q813581,Q128115
Q820821,Q128115
Q827021,Q11629
Q827021,Q219423
Q827021,Q1027879
Q827088,Q128115
Q827088,Q10822316
Q828010,Q128115
Q828350,Q128115
Q832432,Q134307
Q832432,Q214127
Q832432,Q1622217
Q833570,Q134307
Q834939,Q372600
Q836743,Q128115
Q836743,Q212431
Q861756,Q40446
Q861756,Q191163
Q861756,Q214127
Q262413,Q57261466
Q262791,Q173436
Q264193,Q40446
Q264193,Q134307
Q264193,Q191163
Q264193,Q214127
Q264193,Q1935974
Q264193,Q2414609
Q264193,Q3374376
Q264269,Q1622217
Q265732,Q40446
Q265732,Q134307
Q265732,Q192110
Q265732,Q678649
Q265732,Q2864737
Q267170,Q1344
Q267170,Q2332751
Q267786,Q192110
Q267786,Q212431
Q267786,Q572916
Q267858,Q134307
Q269828,Q134307
Q270388,Q212431
Q270388,Q57261466
Q272877,Q134307
Q272877,Q1622217
Q272877,Q2839016
Q273234,Q2302151
Q273234,Q29527347
Q273696,Q128115
Q273696,Q682010
Q274339,Q134307
Q274890,Q134307
Q274945,Q212431
Q274945,Q1744327
Q275610,Q128115
Q276030,Q128115
Q276372,Q128115
Q281637,Q128115
Q287524,Q134307
Q289342,Q40446
Q289342,Q134307
Q289342,Q170571
Q290331,Q57261466
Q292125,Q128115
Q294326,Q262343
Q294326,Q733095
Q294927,Q37073
Q294927,Q5151495
Q295964,Q9326077
Q295964,Q21010853
Q297525,Q170571
Q297525,Q557141
Q299662,Q108874
Q299662,Q213156
Q299662,Q678649
Q305497,Q134307
Q305497,Q182956
Q305497,Q1146354
Q305497,Q1497126
Q309618,Q170571
Q309618,Q191163
Q310320,Q40446
Q310320,Q134307
Q310320,Q170571
Q310320,Q18822288
Q310320,Q29527347
Q310715,Q170571
Q310715,Q742333
Q310715,Q1400853
Q310715,Q3374376
Q310715,Q12303833
Q312264,Q11366
Q312264,Q27190
Q312264,Q49451
Q312264,Q193355
Q312264,Q206159
Q312264,Q211781
Q312264,Q217467
Q312264,Q1428637
Q312264,Q1641839
Q312264,Q2416307
Q312392,Q128115
Q312392,Q2316866
Q312392,Q29527347
Q312631,Q128115
Q312631,Q134307
Q312631,Q191163
Q312631,Q1047337
Q312631,Q2316866
Q312631,Q29527347
Q312786,Q40446
Q312786,Q134307
Q312786,Q170571
Q313055,Q134307
Q313055,Q191163
Q313055,Q1935974
Q313096,Q134307
Q313096,Q150091
Q313096,Q170571
Q875306,Q134307
Q893729,Q11633
Q895865,Q128115
Q918352,Q612277
Q918352,Q3381576
Q919236,Q173436
Q919236,Q1622217
Q919265,Q134307
Q919265,Q191163
Q919265,Q1622217
Q923306,Q1622217
Q924094,Q128115
Q924668,Q3071
Q924668,Q83270
Q925926,Q482
Q930286,Q40446
Q930286,Q1622217
Q930286,Q29527347
Q930462,Q203209
Q930462,Q212431
Q933502,Q134307
Q947955,Q102932
Q950751,Q11629
Q950751,Q20437094
Q951010,Q482
Q952233,Q1622217
Q952233,Q57261466
Q953820,Q34508
Q953820,Q108874
Q953820,Q213156
Q962442,Q134307
Q962442,Q506858
Q962442,Q1047337
Q962520,Q506858
Q962520,Q615498
Q962520,Q1146354
Q962520,Q1851397
Q962565,Q134307
Q968285,Q134307
Q972018,Q191163
Q980087,Q128115
Q980087,Q16875712
Q980087,Q29527347
Q981837,Q1344
Q1008673,Q158607
Q1034078,Q212431
Q1034078,Q378604
Q1057887,Q2415966
Q1077608,Q1622217
Q1099591,Q134307
Q1107195,Q1640319
Q1120855,Q134307
Q1135754,Q860372
Q1149396,Q134307
Q1165655,Q487965
Q1176289,Q128115
Q1190476,Q1344
Q1190476,Q612024
Q1209000,Q4907378
Q1231769,Q160476
Q1264049,Q128115
Q1269096,Q1622217
Q1279401,Q83440
Q1279401,Q964658
Q1281597,Q128115
Q1281597,Q170571
Q1284772,Q24862
Q1284772,Q93204
Q1284772,Q134307
Q1284772,Q191163
Q1284772,Q517386
Q1284772,Q590870
Q1284772,Q1047337
Q1284772,Q12912091
Q1285488,Q134307
Q1288135,Q134307
Q1288359,Q203209
Q1288359,Q57261466
Q1288454,Q134307
Q1288454,Q572916
Q1291679,Q1047337
Q1291679,Q57261466
Q1294022,Q158607
Q1294022,Q191163
Q1294022,Q1935974
Q1323876,Q128115
Q1323876,Q212431
Q1332698,Q17514
Q1332698,Q57261466
Q1333928,Q1047337
Q1333928,Q1622217
Q1333928,Q3374376
Q1339934,Q134307
Q1339934,Q170571
Q1339934,Q191163
Q1339934,Q1047337
Q1339934,Q1935974
Q1339934,Q29527347
Q1343964,Q57261466
Q1347418,Q170571
Q313096,Q191163
Q313096,Q1047337
Q313096,Q1622217
Q313096,Q16875712
Q313096,Q29527347
Q313113,Q203209
Q314350,Q1622217
Q314926,Q212431
Q314926,Q1622217
Q315488,Q134307
Q315647,Q1027879
Q315875,Q170571
Q315875,Q1622217
Q316325,Q191163
Q316325,Q214127
Q316325,Q1400853
Q316422,Q557141
Q316531,Q128115
Q317256,Q2839016
Q317874,Q213156
Q319569,Q203209
Q320622,Q11629
Q320622,Q11633
Q320622,Q682010
Q320622,Q20437094
Q320846,Q203209
Q321245,Q128115
Q321245,Q682010
Q321394,Q1281618
Q325076,Q214127
Q325076,Q742333
Q325076,Q2414609
Q325389,Q43343
Q325389,Q45981
Q325389,Q187760
Q325389,Q484641
Q325389,Q1298934
Q325739,Q9778
Q325791,Q422635
Q325925,Q134307
Q325925,Q170571
Q325925,Q191163
Q326226,Q108874
Q326226,Q682010
Q326606,Q134307
Q326813,Q1054254
Q327293,Q128115
Q327293,Q557141
Q328341,Q326478
Q331376,Q2561815
Q332041,Q214127
Q332041,Q219423
Q336640,Q11366
Q336640,Q187760
Q338350,Q11629
Q338350,Q1027879
Q344446,Q134307
Q345379,Q128115
Q345379,Q134307
Q345379,Q1622217
Q345569,Q128115
Q345569,Q2316866
Q347864,Q226730
Q347950,Q1135802
Q348658,Q3071
Q348658,Q187760
Q348658,Q438503
Q351618,Q1622217
Q352437,Q1622217
Q354779,Q1622217
Q355566,Q214127
Q355566,Q3870443
Q355566,Q5448026
Q355811,Q128115
Q355811,Q170571
Q355811,Q1622217
Q356275,Q188473
Q356369,Q3071
Q356369,Q43343
Q357176,Q8341
Q357176,Q105527
Q360286,Q557141
Q362271,Q37073
Q363308,Q134307
Q363308,Q1047337
Q365243,Q612024
Q365304,Q170571
Q365304,Q191163
Q365304,Q1400853
Q365304,Q2414609
Q365388,Q128115
Q365682,Q134307
Q365691,Q128115
Q365691,Q20437094
Q366380,Q108874
Q367973,Q186030
Q368645,Q326478
Q369916,Q572901
Q374492,Q128115
Q374504,Q128115
Q376062,Q128115
Q376062,Q170571
Q376062,Q1622217
Q376062,Q1728571
Q376062,Q57261466
Q379150,Q1027879
Q379211,Q210121
Q380426,Q128115
Q380494,Q170571
Q380494,Q1578378
Q380494,Q1935974
Q380494,Q5448026
Q381077,Q212431
Q381077,Q939559
Q381277,Q1027879
Q381950,Q466521
Q382329,Q134307
Q430967,Q203209
Q430967,Q1622217
Q432702,Q682010
Q432702,Q20437094
Q432822,Q1640319
Q433128,Q134307
Q433471,Q212431
Q433471,Q213156
Q433661,Q9734
Q433661,Q572901
Q433661,Q726239
Q433661,Q823080
Q433661,Q1338153
Q433661,Q1640319
Q433661,Q1744327
Q433661,Q2332751
Q433661,Q9089200
Q437616,Q682010
Q438248,Q262343
Q438248,Q1622217
Q438703,Q203209
Q440369,Q134307
Q440369,Q191163
Q440369,Q1047337
Q441440,Q11629
Q441440,Q11634
Q441440,Q212431
Q441440,Q20437094
Q441440,Q57261466
Q441501,Q212431
Q441501,Q1622217
Q442192,Q212431
Q442628,Q128115
Q442841,Q213156
Q443372,Q128115
Q444277,Q1622217
Q444277,Q57261466
Q444567,Q128115
Q444567,Q170571
Q444567,Q191163
Q444857,Q9778
Q445065,Q11634
Q445065,Q557141
Q446627,Q11399
Q447300,Q1622217
Q447568,Q128115
Q448845,Q128115
Q448845,Q1622217
Q449119,Q128115
Q449536,Q128115
Q449536,Q134307
Q449677,Q128115
Q450236,Q128115
Q450764,Q11633
Q450764,Q34508
Q450764,Q20437094
Q451185,Q212431
Q451185,Q682010
Q451188,Q9778
Q451564,Q134307
Q453883,Q40446
Q453883,Q134307
Q453883,Q192110
Q456639,Q8341
Q456639,Q105527
Q456639,Q790188
Q456639,Q2736181
Q457098,Q742333
Q457420,Q29527347
Q457420,Q57261466
Q459681,Q212431
Q459681,Q682010
Q460186,Q40446
Q460186,Q134307
Q460186,Q170571
Q460186,Q191163
Q460186,Q214127
Q460186,Q1400853
Q460186,Q1935974
Q460186,Q2839016
Q461165,Q128115
Q461178,Q128115
Q461464,Q134307
Q461740,Q11629
Q461740,Q11634
Q461740,Q262343
Q461740,Q326478
Q462325,Q128115
Q463411,Q134307
Q463411,Q828107
Q463639,Q134307
Q463639,Q192110
Q463639,Q213156
Q463639,Q682010
Q463844,Q128115
Q463978,Q134307
Q463978,Q170571
Q463978,Q1047337
Q463978,Q1935974
Q464044,Q128115
Q464476,Q3071
Q464476,Q10922
Q464476,Q377910
Q465168,Q11629
Q465168,Q11634
Q465168,Q212431
Q465168,Q213156
Q465168,Q326478
Q465342,Q192110
Q465342,Q1622217
Q466550,Q128115
Q467574,Q134307
Q469063,Q134307
Q469934,Q128115
Q470551,Q128115
Q470551,Q170571
Q471243,Q128115
Q471444,Q207103
Q471652,Q128115
Q471764,Q1047337
Q471764,Q57261466
Q472557,Q20437094
Q472756,Q128115
Q472756,Q203209
Q472756,Q29527347
Q475098,Q276308
Q475516,Q213156
Q479622,Q128115
Q483718,Q11365
Q483718,Q11366
Q483718,Q11399
Q483718,Q83270
Q483718,Q379671
Q485635,Q1622217
Q485635,Q57261466
Q491039,Q134307
Q491787,Q134307
Q491787,Q170571
Q503641,Q40446
Q503641,Q170571
Q503641,Q191163
Q503641,Q212431
Q504395,Q212431
Q504395,Q1421557
Q504611,Q134307
Q504641,Q8341
Q504656,Q56305705
Q505677,Q8341
Q505677,Q11366
Q505677,Q11399
Q505677,Q181861
Q505677,Q183504
Q505677,Q726239
Q505677,Q823080
Q505677,Q1641839
Q505677,Q2332751
Q510855,Q9778
Q517651,Q128115
Q518406,Q191163
Q519534,Q40446
Q519534,Q1622217
Q520713,Q128115
Q520713,Q1622217
Q522662,Q128115
Q522662,Q1287518
Q522662,Q2316866
Q523810,Q128115
Q524205,Q128115
Q526407,Q8341
Q526407,Q9778
Q526407,Q11399
Q526407,Q37073
Q527001,Q128115
Q529337,Q7007522
Q529591,Q128115
Q531234,Q128115
Q531234,Q557141
Q531234,Q1622217
Q533859,Q134307
Q535048,Q1622217
Q538986,Q128115
Q539270,Q203209
Q541526,Q557141
Q2308027,Q612024
Q2309478,Q182956
Q2377517,Q128115
Q2384568,Q128115
Q2384568,Q203209
Q2405635,Q8341
Q2409143,Q67467614
Q2411870,Q726239
Q2419717,Q557141
Q2442116,Q482919
Q2471547,Q207103
Q2520789,Q326478
Q2545780,Q34508
Q2545780,Q20437094
Q2566694,Q1400853
Q2566694,Q1622217
Q2574566,Q368002
Q2575649,Q557141
Q2575649,Q1622217
Q2581047,Q128115
Q2581047,Q1622217
Q2600923,Q572901
Q2600923,Q650316
Q2600923,Q1744327
Q2601617,Q1622217
Q2662098,Q1622217
Q2662098,Q2839016
Q2676807,Q214127
Q2704611,Q134307
Q2704611,Q170571
Q2704611,Q191163
Q2717011,Q128115
Q2737054,Q131578
Q2742552,Q8087
Q2847853,Q191163
Q2850616,Q134307
Q2850616,Q1027879
Q2853823,Q134307
Q2883927,Q482
Q2883927,Q8253
Q2883927,Q128115
Q2900288,Q1622217
Q2914856,Q57261466
Q2926498,Q212431
Q2939621,Q557141
Q2939621,Q2740415
Q2980574,Q134307
Q3013142,Q594150
Q3033213,Q212431
Q3033213,Q1622217
Q3059817,Q134307
Q3080662,Q1622217
Q3141534,Q40446
Q3141534,Q134307
Q3141534,Q191163
Q3141534,Q383898
Q3141534,Q742333
Q3141534,Q29527347
Q3188581,Q134307
Q3195237,Q17514
Q3195237,Q1622217
Q3266727,Q557141
Q3266727,Q1047337
Q3288595,Q134307
Q3296364,Q134307
Q3300327,Q134307
Q3300327,Q170571
Q3311753,Q134307
Q3314977,Q482
Q3344179,Q128115
Q3344179,Q1622217
Q3354650,Q158607
Q3388992,Q11633
Q3422714,Q1622217
Q3422714,Q1935974
Q3437054,Q823080
Q3471115,Q192110
Q3495664,Q134307
Q3498887,Q11633
Q3548141,Q557141
Q3561364,Q557141
Q3571991,Q134307
Q3571991,Q170571
Q3702470,Q212431
Q3702470,Q682010
Q3702470,Q1376265
Q3847976,Q40446
Q4083691,Q134307
Q4132681,Q128115
Q4132681,Q1622217
Q4275199,Q191163
Q4282221,Q128115
Q4282221,Q134307
Q4348982,Q191163
Q4384934,Q11633
Q4384934,Q11634
Q4384934,Q212431
Q4384934,Q682010
Q4415659,Q128115
Q4415659,Q1622217
Q1347418,Q191163
Q1347418,Q2864737
Q1347418,Q18353841
Q1351247,Q166509
Q1351247,Q851869
Q1353414,Q40446
Q1353414,Q191163
Q1353414,Q29527347
Q1354277,Q134307
Q1354277,Q191163
Q1354277,Q214127
Q1358816,Q102932
Q1362480,Q134307
Q1364766,Q3071
Q1364766,Q11366
Q1369375,Q612024
Q1374436,Q191163
Q1374436,Q214127
Q1374436,Q2414609
Q1374436,Q5448026
Q1385567,Q212431
Q1385567,Q557141
Q1385567,Q57261466
Q1386695,Q11633
Q1392676,Q134307
Q1392676,Q170571
Q1392676,Q192110
Q1392676,Q29527347
Q1396516,Q557141
Q1396516,Q860372
Q1396516,Q1622217
Q1421445,Q128115
Q1435414,Q134307
Q1435414,Q1622217
Q1435414,Q2316866
Q1485390,Q128115
Q1502233,Q487965
Q1559115,Q128115
Q1585855,Q8341
Q1585855,Q37073
Q1605934,Q134307
Q1630531,Q128115
Q1630531,Q2414609
Q1680453,Q134307
Q1682227,Q134307
Q1682651,Q9778
Q1682651,Q212431
Q1682651,Q1744327
Q1689871,Q128115
Q1689871,Q1622217
Q1724799,Q134307
Q1730432,Q134307
Q1732582,Q845421
Q1740593,Q650466
Q1769472,Q678649
Q1856520,Q158607
Q1856520,Q191163
Q1872017,Q134307
Q1872017,Q191163
Q1903090,Q7252
Q1903090,Q203209
Q1903090,Q557141
Q1915302,Q134307
Q1930439,Q203209
Q1932124,Q212431
Q1945784,Q487965
Q1963612,Q134307
Q1986987,Q1622217
Q2015324,Q134307
Q2041233,Q134307
Q2057428,Q1622217
Q2066520,Q191163
Q2075836,Q40446
Q2075836,Q134307
Q2075836,Q191163
Q2075836,Q1935974
Q2075836,Q16875712
Q2117224,Q128115
Q2131415,Q134307
Q2131691,Q11629
Q2154642,Q128115
Q2164544,Q128115
Q2179710,Q134307
Q2179910,Q128115
Q2179910,Q557141
Q2188861,Q1622217
Q2216478,Q128115
Q2243408,Q1622217
Q2293085,Q128115
Q5552550,Q214127
Q5553319,Q128115
Q5568956,Q123305
Q5568956,Q203209
Q5568956,Q212431
Q5568956,Q667404
Q5568956,Q682010
Q5607518,Q11634
Q5790356,Q134307
Q5919636,Q1153484
Q5936654,Q1622217
Q6074612,Q878985
Q6074722,Q1622217
Q6152947,Q191163
Q6154531,Q212431
Q6154531,Q213156
Q6154531,Q678649
Q6194013,Q212431
Q6204894,Q134307
Q6204894,Q1622217
Q6233387,Q11634
Q6303659,Q128115
Q6303659,Q594150
Q6324660,Q682010
Q6324660,Q57261466
Q6499289,Q128115
Q6499289,Q1622217
Q6524309,Q557141
Q6524309,Q860372
Q6558426,Q682010
Q6558517,Q40446
Q6558517,Q1622217
Q6577777,Q848969
Q6681389,Q203209
Q6681667,Q203209
Q6687104,Q40446
Q6687104,Q191163
Q6843723,Q9730
Q6844370,Q682010
Q6845928,Q49451
Q6915945,Q134307
Q7052490,Q128115
Q7052490,Q1622217
Q7086720,Q5446356
Q7153180,Q191163
Q7305591,Q11366
Q7305591,Q837837
Q7308806,Q15852218
Q7341594,Q1622217
Q7356577,Q134307
Q7356577,Q191163
Q7356577,Q11835431
Q7365903,Q191163
Q7382874,Q128115
Q7382874,Q557141
Q7396595,Q3071
Q7405724,Q134307
Q7408302,Q11401
Q7684094,Q134307
Q7796523,Q57261466
Q7901950,Q128115
Q7901950,Q1622217
Q7966252,Q170571
Q8013917,Q134307
Q8013917,Q191163
Q8013917,Q214127
Q9359492,Q11399
Q10412468,Q187760
Q11585049,Q11399
Q11675040,Q1633309
Q11775089,Q182956
Q11978054,Q184296
Q12012352,Q1622217
Q12027411,Q186030
Q12054190,Q128115
Q12054190,Q134307
Q12054190,Q170571
Q12054190,Q191163
Q13560726,Q128115
Q13593213,Q128115
Q13593213,Q1622217
Q15126096,Q3071
Q15501981,Q9778
Q15501981,Q1640319
Q15503771,Q134307
Q15522104,Q11629
Q15522104,Q128115
Q16008255,Q203209
Q16117062,Q203209
Q16148576,Q203209
Q16193971,Q128115
Q16193971,Q57261466
Q16217406,Q191163
Q16299015,Q7251595
Q16664502,Q178659
Q16664502,Q1027879
Q16930117,Q11403
Q16930117,Q1076539
Q16930117,Q3889661
Q17393957,Q134307
Q17581477,Q20442589
Q18158326,Q281108
Q18343072,Q134307
Q18538318,Q170593
Q18538318,Q203209
Q18619037,Q128115
Q18619037,Q1287518
Q18630714,Q8341
Q18694173,Q316930
Q19667999,Q192110
Q19667999,Q57261466
Q19792324,Q333357
Q19792324,Q2316866
Q19799296,Q191163
Q19964232,Q682010
Q20004897,Q1376265
Q20684467,Q3697780
Q20824294,Q11629
Q20824294,Q11634
Q20824294,Q93184
Q20824294,Q139106
Q20824294,Q262343
Q20824294,Q22669857
Q20877821,Q134307
Q20899718,Q134307
Q21013130,Q557141
Q21076880,Q134307
Q21153769,Q1027879
Q21290829,Q8341
Q21454760,Q134307
Q21544202,Q635309
Q21693925,Q134307
Q21818576,Q128115
Q22094674,Q2864737
Q22094674,Q12404052
Q22670670,Q682010
Q23772579,Q1622217
Q28358071,Q998555
Q28358071,Q11835431
Q28542125,Q7759116
Q28600787,Q17310537
Q28815225,Q1353984
Q28839817,Q134307
Q28839817,Q57261466
Q36683696,Q128115
Q36683696,Q134307
Q36683696,Q1622217
Q42807834,Q442431
Q42807834,Q2355696
Q45289754,Q191163
Q46506782,Q182956
Q683378,Q203209
Q685186,Q128115
Q686321,Q213156
Q689223,Q128115
Q693095,Q134307
Q695239,Q57261466
Q695289,Q8087
Q695853,Q134307
Q697096,Q134307
Q697200,Q128115
Q698275,Q134147
Q698275,Q170571
Q698436,Q128115
Q698667,Q40446
Q698667,Q134307
Q698667,Q170571
Q698667,Q2302151
Q699272,Q1344
Q699326,Q128115
Q699736,Q128115
Q699736,Q203209
Q700336,Q128115
Q701564,Q128115
Q701564,Q29527347
Q701592,Q557141
Q701952,Q128115
Q701952,Q1622217
Q702163,Q128115
Q703356,Q134307
Q703369,Q1047337
Q703624,Q1622217
Q703660,Q40446
Q703660,Q170571
Q703980,Q40446
Q703980,Q134307
Q703980,Q1622217
Q704012,Q128115
Q704012,Q134307
Q704012,Q170571
Q704572,Q134307
Q704588,Q1578378
Q705062,Q134307
Q705062,Q170571
Q705062,Q191163
Q5041755,Q203209
Q5041755,Q212431
Q5046268,Q212431
Q5046268,Q557141
Q5046268,Q57261466
Q5078400,Q128115
Q5079125,Q134307
Q5081335,Q128115
Q5081335,Q557141
Q5235360,Q203209
Q5235360,Q213156
Q5299500,Q57261466
Q5340026,Q72332052
Q5342309,Q173436
Q5342309,Q217213
Q5346254,Q214127
Q5386876,Q134307
Q5431220,Q57261466
Q5437205,Q37073
Q5458802,Q191163
Q5458802,Q1047337
Q5461886,Q134307
Q5461886,Q170571
Q5476826,Q735478
Q5480354,Q1384423
Q5496574,Q203209
Q5496574,Q212431
Q541831,Q128115
Q541831,Q29527347
Q542496,Q128115
Q542496,Q1622217
Q543294,Q203209
Q543294,Q213156
Q543440,Q173436
Q544508,Q2332751
Q544899,Q128115
Q544899,Q369418
Q544899,Q1287518
Q545293,Q134307
Q545445,Q203209
Q547470,Q191163
Q548298,Q134307
Q550428,Q134307
Q550428,Q170571
Q550428,Q191163
Q4427212,Q134307
Q4430088,Q134307
Q4512728,Q178659
Q4512728,Q429785
Q4512728,Q482919
Q4512728,Q1027879
Q4515257,Q45621
Q4515257,Q1027879
Q4526845,Q134307
Q4526845,Q170571
Q4526845,Q191163
Q4532609,Q11633
Q4532609,Q170593
Q4532609,Q245117
Q4532609,Q1027879
Q4537867,Q11629
Q4537867,Q11633
Q4537867,Q34508
Q4537867,Q213156
Q4537867,Q20437094
Q4648184,Q1376265
Q4649967,Q57261466
Q4703730,Q1622217
Q4703730,Q29527347
Q4716407,Q134307
Q4727179,Q1622217
Q4733608,Q128115
Q4733608,Q170571
Q4792704,Q134307
Q4797967,Q128115
Q4797967,Q191163
Q4797967,Q1622217
Q4821560,Q134307
Q4861080,Q134307
Q4912103,Q134147
Q4934184,Q1622217
Q5040332,Q128115
Q107353710,Q82604
Q107353710,Q838948
Q107353710,Q1764356
Q107353710,Q10953913
Q77325049,Q128115
Q77353140,Q128115
Q77353140,Q1622217
Q52384550,Q134307
Q55218066,Q594150
Q55218078,Q128115
Q55218464,Q594150
Q55219662,Q128115
Q63203859,Q1851397
Q63203859,Q1935974
Q63241929,Q128115
Q63458828,Q182956
Q63458828,Q191163
Q63490109,Q134307
Q63490109,Q181169
Q66809948,Q128115
Q77288409,Q3650833
Q372,Q93204
Q2875,Q130232
Q2875,Q369747
Q2875,Q1054574
Q2875,Q1919632
Q2875,Q17013749
Q2875,Q52207399
Q4941,Q188473
Q4941,Q2297927
Q4941,Q3990883
Q18403,Q130232
Q18403,Q959790
Q18403,Q21010853
Q24980,Q157443
Q24980,Q842256
Q25188,Q130232
Q25188,Q182015
Q25188,Q188473
Q25188,Q319221
Q25188,Q471839
Q25188,Q496523
Q25188,Q1200678
Q25188,Q2484376
Q25188,Q20656232
Q25503,Q130232
Q25513,Q130232
Q25525,Q157443
Q25525,Q202866
Q25525,Q842256
Q25525,Q1361932
Q25729,Q170571
Q25729,Q191163
Q39267,Q193207
Q39267,Q1640319
Q42047,Q130232
Q42047,Q188473
Q42047,Q645928
Q42047,Q959790
Q42047,Q2484376
Q42047,Q7444356
Q42047,Q17013749
Q42047,Q19367312
Q42047,Q52207310
Q42047,Q113485322
Q42047,Q116514801
Q42051,Q157394
Q42051,Q188473
Q42051,Q319221
Q42051,Q468478
Q42051,Q471839
Q42051,Q652256
Q42051,Q20443008
Q45585,Q191163
Q45784,Q613707
Q49740,Q343568
Q49740,Q21030988
Q49740,Q25397095
Q53481,Q130232
Q53481,Q1135802
Q53481,Q52162262
Q64110,Q130232
Q64110,Q471839
Q64110,Q1615638
Q64110,Q52207399
Q71910,Q54767
Q76479,Q172980
Q76479,Q212781
Q80379,Q157394
Q80379,Q188473
Q80379,Q319221
Q80379,Q652256
Q80379,Q22981906
Q80379,Q52162262
Q83739,Q157443
Q83739,Q496523
Q83739,Q16950433
Q102235,Q157394
Q102235,Q1361932
Q102235,Q52207399
Q104123,Q130232
Q104123,Q188473
Q104123,Q459290
Q104123,Q959790
Q104123,Q2484376
Q104123,Q7444356
Q104905,Q157443
Q104905,Q191489
Q104905,Q197949
Q104905,Q319221
Q104905,Q471839
Q104905,Q761469
Q104905,Q860626
Q104905,Q1054574
Q104905,Q1341051
Q104905,Q1436734
Q104905,Q2143665
Q104905,Q2973181
Q104905,Q4686573
Q104905,Q20443008
Q104905,Q21401869
Q105624,Q188473
Q105624,Q1200678
Q105624,Q2297927
Q105624,Q2484376
Q105624,Q3990883
Q105624,Q52207399
Q105624,Q109733333
Q107226,Q188473
Q107226,Q1200678
Q107226,Q2297927
Q107226,Q2484376
Q107226,Q3990883
Q107226,Q52207399
Q107270,Q130232
Q107270,Q459290
Q107270,Q860626
Q109135,Q130232
Q109135,Q459290
Q109135,Q663106
Q109135,Q959790
Q109135,Q52207399
Q109135,Q102706436
Q109767,Q157443
Q109767,Q842256
Q110203,Q130232
Q110203,Q188473
Q110203,Q959790
Q110203,Q2421031
Q110203,Q2484376
Q116852,Q188473
Q116852,Q1535153
Q116852,Q2421031
Q116905,Q130232
Q116905,Q157394
Q116905,Q157443
Q116905,Q319221
Q116905,Q1146335
Q116905,Q1361932
Q116905,Q52162262
Q120105,Q130232
Q127267,Q130232
Q127367,Q130232
Q127367,Q157394
Q127367,Q188473
Q127367,Q319221
Q127367,Q52207399
Q128848,Q130232
Q128848,Q157443
Q128848,Q1054574
Q128848,Q2975633
Q128848,Q20442589
Q129037,Q130232
Q129037,Q52207399
Q129433,Q134307
Q131074,Q130232
Q131074,Q157394
Q131074,Q188473
Q131074,Q52207399
Q131392,Q83270
Q134430,Q157394
Q134430,Q842256
Q134430,Q1054574
Q134430,Q1957385
Q135465,Q130232
Q135465,Q169672
Q135465,Q959790
Q135465,Q3327002
Q135465,Q21401869
Q135465,Q52162262
Q137800,Q130232
Q137800,Q959790
Q139326,Q130232
Q139326,Q1339864
Q141557,Q130232
Q144521,Q93204
Q151703,Q130232
Q151703,Q1054574
Q151703,Q52207399
Q151904,Q188473
Q151904,Q319221
Q151904,Q959790
Q151904,Q2297927
Q151904,Q2484376
Q151904,Q52207399
Q152350,Q1935609
Q152350,Q7168625
Q155018,Q130232
Q155018,Q200092
Q155018,Q959790
Q155018,Q1200678
Q155018,Q2484376
Q155018,Q3327002
Q155018,Q52207399
Q156608,Q188473
Q156608,Q2297927
Q156608,Q2484376
Q156608,Q3990883
Q156608,Q52207399
Q158047,Q130232
Q158047,Q52162262
Q19883634,Q3374376
Q19883641,Q1047337
Q19883648,Q941875
Q19883652,Q1047337
Q19883653,Q192110
Q19883656,Q1047337
Q19883662,Q170571
Q19883690,Q170571
Q19883691,Q128115
Q19883706,Q170571
Q19883710,Q3374376
Q19883712,Q134307
Q19883715,Q128115
Q19883724,Q128115
Q19883737,Q170571
Q19883737,Q2316866
Q19883752,Q1047337
Q19883753,Q170571
Q19883766,Q170571
Q19883767,Q170571
Q19883770,Q170571
Q19883772,Q2864737
Q19883775,Q170571
Q19883777,Q1935974
Q19883781,Q134307
Q19883782,Q134307
Q208204,Q130232
Q208204,Q157394
Q208204,Q645928
Q210809,Q11399
Q210809,Q83270
Q212041,Q130232
Q212041,Q842256
Q212041,Q853630
Q212041,Q959790
Q212041,Q2484376
Q212041,Q5769663
Q212129,Q130232
Q213773,Q157443
Q213773,Q2143665
Q213773,Q52207399
Q215408,Q83270
Q215408,Q193355
Q216293,Q868217
Q217112,Q130232
Q217112,Q192881
Q217112,Q859369
Q217112,Q860626
Q217112,Q1146335
Q217182,Q130232
Q217182,Q157394
Q217182,Q1054574
Q217182,Q1957385
Q217182,Q28026639
Q218235,Q157394
Q218235,Q842256
Q218235,Q1361932
Q218235,Q5778924
Q218235,Q52207399
Q219315,Q157443
Q220665,Q1044478
Q222041,Q842256
Q222041,Q860626
Q222041,Q1146335
Q222800,Q130232
Q222800,Q859369
Q222800,Q860626
Q222965,Q130232
Q222965,Q1054574
Q222965,Q20442589
Q223367,Q130232
Q223367,Q622370
Q223367,Q645928
Q223887,Q188473
Q223887,Q959790
Q223887,Q2484376
Q223887,Q3990883
Q225355,Q130232
Q228937,Q130232
Q228937,Q959790
Q228937,Q1135802
Q230608,Q130232
Q230608,Q157443
Q230608,Q859369
Q230608,Q1054574
Q230608,Q20442589
Q232000,Q172980
Q232000,Q645928
Q232000,Q663106
Q232000,Q859369
Q232115,Q130232
Q232133,Q130232
Q232133,Q226730
Q238245,Q130232
Q238866,Q663106
Q238866,Q860626
Q241085,Q130232
Q241085,Q645928
Q241085,Q959790
Q244971,Q157443
Q160618,Q130232
Q160618,Q1054574
Q160618,Q20442589
Q162997,Q93204
Q163253,Q496523
Q163253,Q1200678
Q163253,Q2421031
Q163872,Q130232
Q163872,Q188473
Q163872,Q959790
Q163872,Q1535153
Q163872,Q2421031
Q163872,Q2484376
Q163872,Q19367312
Q164417,Q157394
Q164417,Q842256
Q164417,Q860626
Q164417,Q3072049
Q164918,Q203209
Q164918,Q572916
Q164963,Q130232
Q164963,Q157394
Q164963,Q188473
Q164963,Q52207399
Q165392,Q130232
Q165392,Q157443
Q165392,Q959790
Q165392,Q1200678
Q165627,Q130232
Q165627,Q21401869
Q165627,Q52207399
Q168853,Q130232
Q168853,Q157443
Q169322,Q130232
Q169322,Q157443
Q170035,Q663106
Q170035,Q2975633
Q170035,Q21401869
Q171048,Q157394
Q171048,Q157443
Q171048,Q319221
Q171048,Q663106
Q171669,Q130232
Q171669,Q157443
Q171669,Q586250
Q171669,Q1786567
Q171669,Q52207399
Q173626,Q13717398
Q174284,Q188473
Q174284,Q22981906
Q174331,Q130232
Q174331,Q369747
Q176284,Q3071
Q176284,Q487914
Q179215,Q188473
Q179215,Q319221
Q179215,Q22981906
Q179460,Q130232
Q179460,Q157443
Q179460,Q52207399
Q180214,Q130232
Q180214,Q200092
Q180214,Q604725
Q180214,Q2484376
Q180214,Q20442589
Q180214,Q109733304
Q181540,Q188473
Q181540,Q319221
Q181540,Q2297927
Q182692,Q130232
Q182692,Q188473
Q182692,Q319221
Q182692,Q369747
Q182692,Q652256
Q182692,Q2484376
Q182692,Q52207310
Q182692,Q116456802
Q182959,Q130232
Q182959,Q226730
Q182959,Q959790
Q183066,Q130232
Q183066,Q188473
Q183066,Q369747
Q183066,Q459290
Q183066,Q3990883
Q183081,Q130232
Q183081,Q172980
Q183081,Q959790
Q183081,Q2421031
Q183081,Q2484376
Q183081,Q7444356
Q183081,Q19367312
Q183081,Q52207399
Q183081,Q113485322
Q183239,Q130232
Q183239,Q157394
Q183239,Q1054574
Q183239,Q9326077
Q183239,Q21010853
Q183239,Q52162262
Q244971,Q226730
Q244971,Q471839
Q244971,Q52207399
Q245920,Q471839
Q247470,Q130232
Q247470,Q1054574
Q247470,Q2484376
Q247470,Q52207399
Q248810,Q23916
Q248810,Q1036289
Q248810,Q1143132
Q248810,Q1823737
Q248810,Q21030988
Q248810,Q25397095
Q249235,Q130232
Q249235,Q860626
Q249235,Q20442589
Q257469,Q343568
Q257469,Q27670585
Q257469,Q96195505
Q259823,Q3071
Q259823,Q58339
Q259823,Q187760
Q259823,Q940462
Q259823,Q1431327
Q260365,Q130232
Q261415,Q52162262
Q264812,Q471839
Q264812,Q4292083
Q264812,Q5366020
Q264812,Q15637299
Q264812,Q15637310
Q267721,Q842256
Q267721,Q860626
Q267721,Q1146335
Q271690,Q157443
Q271690,Q471839
Q271690,Q622548
Q271690,Q919036
Q274897,Q54767
Q274897,Q185029
Q274897,Q27670585
Q275180,Q130232
Q275180,Q369747
Q275180,Q1054574
Q278328,Q130232
Q278328,Q226730
Q278910,Q93204
Q278997,Q130232
Q278997,Q157394
Q278997,Q157443
Q278997,Q5258881
Q278997,Q52207399
Q278997,Q102706436
Q283036,Q130232
Q283036,Q1054574
Q284928,Q1199309
Q286868,Q130232
Q286868,Q157394
Q286868,Q319221
Q286868,Q652256
Q286868,Q1433443
Q286868,Q2973181
Q286868,Q47009776
Q288098,Q157443
Q288098,Q959790
Q288098,Q1200678
Q291170,Q130232
Q291170,Q663106
Q300436,Q157443
Q300436,Q790192
Q300436,Q842256
Q300436,Q17175676
Q300499,Q157443
Q302490,Q130232
Q302490,Q17013749
Q302812,Q187760
Q313998,Q130232
Q313998,Q157443
Q313998,Q859369
Q313998,Q28026639
Q319061,Q130232
Q319061,Q645928
Q319061,Q17013749
Q320236,Q130232
Q320236,Q157443
Q320384,Q157394
Q320384,Q224700
Q320384,Q31888058
Q320588,Q130232
Q320588,Q319221
Q320588,Q471839
Q320588,Q2484376
Q320588,Q2973181
Q322328,Q157394
Q322328,Q157443
Q322328,Q794912
Q322328,Q842256
Q322328,Q1342372
Q322328,Q28026639
Q25729,Q170571
Q25729,Q191163
Q45585,Q191163
Q129433,Q134307
Q164918,Q203209
Q164918,Q572916
Q200272,Q742333
Q548141,Q40446
Q579455,Q128115
Q579455,Q846561
Q910199,Q1551015
Q910199,Q29527347
Q1111330,Q134307
Q1113293,Q192110
Q1154410,Q2839016
Q1154410,Q3374376
Q1219263,Q191163
Q1219263,Q1047337
Q1256999,Q134307
Q1316254,Q1047337
Q1517812,Q16875712
Q1781689,Q170571
Q2465911,Q191163
Q2465911,Q1047337
Q2520343,Q40446
Q2520343,Q1047337
Q2648692,Q128115
Q2697937,Q170571
Q2898215,Q1622217
Q2915406,Q128115
Q2918824,Q170571
Q2919779,Q262343
Q2919779,Q572916
Q2919779,Q1622217
Q2919779,Q2933810
Q2990688,Q170571
Q3038278,Q134307
Q3211037,Q40446
Q3211037,Q3374376
Q3222561,Q742333
Q3222561,Q11766730
Q3230453,Q1622217
Q3328521,Q572901
Q3569753,Q128115
Q3604467,Q128115
Q3632880,Q134307
Q3675199,Q170571
Q3685142,Q134307
Q3701088,Q134307
Q3701088,Q1047337
Q3775512,Q191163
Q3775628,Q40446
Q3786544,Q158607
Q3793240,Q191163
Q3795198,Q191163
Q3798257,Q191163
Q3798257,Q1935974
Q3798257,Q2839016
Q3801048,Q192110
Q3818801,Q18811686
Q3818974,Q191163
Q3824357,Q134307
Q3826517,Q170571
Q3858606,Q11060274
Q3873321,Q170571
Q3873329,Q170571
Q3875099,Q191163
Q3877090,Q191163
Q3903493,Q134307
Q3929376,Q40446
Q3929376,Q1047337
Q3955799,Q170571
Q3974609,Q191163
Q3976296,Q170571
Q3976314,Q170571
Q4380958,Q39427
Q5156803,Q170571
Q5308687,Q134307
Q5308687,Q1622217
Q5456612,Q170571
Q6455615,Q61686009
Q6485079,Q191163
Q6753733,Q128115
Q7087213,Q191163
Q7445655,Q5376667
Q184816,Q1199309
Q184816,Q85422949
Q184843,Q130232
Q184843,Q174526
Q184843,Q185867
Q184843,Q188473
Q184843,Q471839
Q184843,Q1894374
Q184843,Q2421031
Q184843,Q2484376
Q184843,Q20443008
Q184843,Q52207399
Q184843,Q108084492
Q187423,Q157443
Q187423,Q459435
Q189054,Q157394
Q189054,Q188473
Q189054,Q471839
Q189054,Q1535153
Q189054,Q2421031
Q189054,Q2484376
Q189054,Q28026639
Q189330,Q130232
Q189330,Q188473
Q189330,Q1535153
Q189330,Q2484376
Q189330,Q19367312
Q190145,Q130232
Q190145,Q188473
Q190145,Q471839
Q190145,Q1535153
Q190145,Q2484376
Q190765,Q130232
Q190765,Q319221
Q190765,Q645928
Q190765,Q17013749
Q192206,Q130232
Q192206,Q226730
Q192206,Q1135802
Q192409,Q130232
Q192409,Q157443
Q192409,Q459290
Q192409,Q586250
Q192409,Q628165
Q192409,Q663106
Q193573,Q130232
Q193573,Q842256
Q193573,Q860626
Q193573,Q1919632
Q200272,Q742333
Q200299,Q130232
Q200299,Q157443
Q200299,Q52162262
Q201234,Q130232
Q201234,Q188473
Q201234,Q222639
Q201234,Q2642760
Q201234,Q3327002
Q201687,Q130232
Q201687,Q645928
Q201687,Q20442589
Q204190,Q174526
Q204190,Q471839
Q206497,Q130232
Q206497,Q645928
Q206497,Q859369
Q206497,Q52162262
Q206497,Q111278985
Q323771,Q130232
Q323771,Q157443
Q323771,Q471839
Q323787,Q174526
Q323787,Q471839
Q323787,Q52207399
Q323930,Q130232
Q325643,Q130232
Q326526,Q130232
Q326526,Q586250
Q327953,Q130232
Q329056,Q130232
Q329056,Q842256
Q329056,Q1054574
Q332427,Q130232
Q332427,Q157394
Q332427,Q859369
Q336177,Q175173
Q336177,Q468478
Q336177,Q744038
Q336177,Q862490
Q336177,Q1892535
Q336177,Q61507686
Q336177,Q107542373
Q340827,Q1366112
Q368451,Q130232
Q368451,Q226730
Q368451,Q369747
Q368451,Q1054574
Q371847,Q93204
Q380803,Q130232
Q380803,Q226730
Q380803,Q471839
Q380803,Q2973181
Q380803,Q52207399
Q380803,Q108084492
Q380841,Q130232
Q380841,Q157443
Q380841,Q859369
Q380841,Q20442589
Q384397,Q130232
Q384397,Q860626
Q384397,Q52207399
Q386164,Q200092
Q386164,Q2137852
Q386164,Q21590660
Q386522,Q130232
Q386522,Q52162262
Q390052,Q130232
Q390052,Q959790
Q390052,Q2484376
Q390052,Q20442589
Q390052,Q52207399
Q390052,Q109733304
Q426162,Q10922
Q426242,Q10922
Q429780,Q130232
Q432526,Q130232
Q432526,Q959790
Q432526,Q2421031
Q445175,Q93204
Q460664,Q130232
Q460664,Q860626
Q460664,Q959790
Q463313,Q130232
Q463313,Q188473
Q463313,Q1054574
Q463313,Q1146335
Q464951,Q130232
Q464951,Q188473
Q464951,Q369747
Q464951,Q52207310
Q466297,Q130232
Q466297,Q157394
Q466297,Q157443
Q466358,Q130232
Q466358,Q369747
Q466358,Q1054574
Q466781,Q130232
Q466781,Q959790
Q466781,Q17013749
Q466781,Q52207310
Q466781,Q109733333
Q466846,Q93204
Q466846,Q369747
Q466846,Q645928
Q467262,Q157443
Q467262,Q860626
Q467290,Q157443
Q467290,Q224700
Q467290,Q5258881
Q467290,Q5778924
Q467290,Q31888058
Q470329,Q172980
Q470329,Q188473
Q470329,Q226730
Q470329,Q496523
Q19883783,Q128115
Q19883785,Q2316866
Q19883790,Q134307
Q19883797,Q191163
Q19883799,Q128115
Q19883805,Q191163
Q19883819,Q170571
Q19883820,Q128115
Q19883832,Q170571
Q19883845,Q170571
Q19883846,Q170571
Q19883857,Q134307
Q19883864,Q192110
Q19883886,Q191163
Q19883887,Q192110
Q19883889,Q191163
Q19883902,Q191163
Q19883903,Q191163
Q19883911,Q40446
Q19883917,Q134307
Q19883922,Q170571
Q470375,Q130232
Q471716,Q130232
Q471716,Q369747
Q471716,Q542475
Q471716,Q17013749
Q471716,Q52207399
Q472600,Q130232
Q472600,Q645928
Q472600,Q52207310
Q477740,Q130232
Q477740,Q1054574
Q477852,Q172980
Q477852,Q226730
Q481467,Q336059
Q481467,Q1259759
Q481467,Q1366112
Q481467,Q108084492
Q483761,Q130232
Q483761,Q1200678
Q483849,Q130232
Q483849,Q19367312
Q484176,Q130232
Q484176,Q471839
Q484176,Q1054574
Q484176,Q5366020
Q484176,Q15637299
Q484176,Q15637310
Q485462,Q130232
Q485462,Q188473
Q485462,Q2421031
Q485610,Q157443
Q485610,Q188473
Q485610,Q457832
Q485610,Q663106
Q485610,Q959790
Q485677,Q130232
Q485677,Q471839
Q485677,Q860626
Q486421,Q83270
Q488169,Q130232
Q488169,Q1200678
Q488169,Q19367312
Q488376,Q130232
Q488376,Q959790
Q488376,Q3072039
Q488376,Q52162262
Q492289,Q130232
Q494085,Q130232
Q494085,Q369747
Q494085,Q859369
Q494085,Q5778924
Q494085,Q52162262
Q494085,Q111278985
Q495134,Q130232
Q495134,Q2254193
Q497043,Q157394
Q497043,Q859369
Q497043,Q860626
Q498765,Q130232
Q498765,Q157443
Q501874,Q157443
Q501874,Q628165
Q501874,Q663106
Q501874,Q842256
Q501874,Q959790
Q501874,Q22981906
Q501874,Q52207310
Q506418,Q157394
Q506418,Q222639
Q506418,Q860626
Q506418,Q1957385
Q506418,Q2096633
Q506418,Q52207399
Q506418,Q130130466
Q509256,Q157443
Q509256,Q188473
Q512618,Q130232
Q513716,Q859369
Q514565,Q157443
Q514565,Q496523
Q514565,Q663106
Q522962,Q130232
Q8879050,Q93204
Q8879050,Q842256
Q9212498,Q191163
Q9609822,Q130232
Q9609822,Q20442589
Q10361426,Q130232
Q10362758,Q130232
Q10362758,Q842256
Q10384128,Q130232
Q10412468,Q187760
Q11129281,Q130232
Q11663744,Q93204
Q11687700,Q1047337
Q12124508,Q28026639
Q12125766,Q170539
Q12125818,Q130232
Q12125818,Q25110269
Q12508680,Q130232
Q12593668,Q130232
Q14944459,Q93204
Q14944459,Q645928
Q15114913,Q226730
Q15114936,Q226730
Q15262051,Q93204
Q15734146,Q18353841
Q15847768,Q93204
Q15865124,Q130232
Q15865124,Q226730
Q15866670,Q226730
Q15891058,Q93204
Q16038651,Q134307
Q16038651,Q192110
Q16038651,Q281108
Q16038651,Q19547247
Q16253440,Q130232
Q16632103,Q157394
Q16854055,Q557141
Q16986541,Q128115
Q16993556,Q17175676
Q17011574,Q682010
Q17060748,Q572901
Q17060748,Q1338153
Q17066004,Q130232
Q17066004,Q842256
Q17066004,Q20442589
Q17120720,Q130232
Q17581461,Q93204
Q17640038,Q130232
Q18084724,Q557141
Q18277274,Q130232
Q18277274,Q226730
Q18533963,Q226730
Q18562984,Q226730
Q18688312,Q191163
Q18688313,Q134307
Q18688313,Q192110
Q18688314,Q170571
Q18688316,Q170571
Q18688317,Q191163
Q18688327,Q170571
Q18689459,Q134307
Q18708995,Q226730
Q18710665,Q128115
Q19883819,Q170571
Q19883820,Q128115
Q19883832,Q170571
Q19883845,Q170571
Q19883846,Q170571
Q19883857,Q134307
Q19883864,Q192110
Q19883886,Q191163
Q19883887,Q192110
Q19883889,Q191163
Q19883902,Q191163
Q19883903,Q191163
Q19883911,Q40446
Q19883917,Q134307
Q19883922,Q170571
Q19883925,Q192110
Q19883941,Q128115
Q19883950,Q134307
Q19883952,Q134307
Q19883953,Q192110
Q19883956,Q134307
Q19883963,Q128115
Q19883980,Q192110
Q19883989,Q1622217
Q19883993,Q18811686
Q19884018,Q192110
Q19884022,Q134307
Q19884023,Q128115
Q19884028,Q134307
Q19884029,Q2864737
Q19884058,Q128115
Q19884061,Q128115
Q19884069,Q57261466
Q19884086,Q128115
Q19884183,Q2864737
Q19884195,Q192110
Q19884205,Q128115
Q522962,Q959790
Q527759,Q172980
Q527958,Q471839
Q527958,Q52162262
Q527958,Q102260466
Q538516,Q130232
Q538516,Q188473
Q538516,Q369747
Q538516,Q1054574
Q542688,Q130232
Q542688,Q471839
Q542688,Q959790
Q542688,Q20443008
Q542688,Q108084492
Q543505,Q2484376
Q543505,Q52207399
Q543505,Q109733333
Q547315,Q83270
Q548141,Q40446
Q550205,Q860626
Q550529,Q130232
Q550529,Q174526
Q550529,Q188473
Q550529,Q471839
Q550529,Q2484376
Q550529,Q20443008
Q552002,Q130232
Q553879,Q130232
Q553901,Q130232
Q553901,Q157394
Q553901,Q157443
Q555171,Q859369
Q571066,Q130232
Q571066,Q319221
Q571066,Q1054574
Q571312,Q10922
Q572440,Q157443
Q572440,Q859369
Q572522,Q130232
Q572522,Q13209138
Q577754,Q130232
Q577754,Q1054574
Q577754,Q20442589
Q577918,Q130232
Q577918,Q185867
Q578312,Q130232
Q578312,Q188473
Q578312,Q2297927
Q578312,Q2484376
Q578312,Q21010853
Q578312,Q52207399
Q578312,Q109733333
Q578498,Q11366
Q579455,Q128115
Q579455,Q846561
Q579480,Q157443
Q579480,Q496523
Q581501,Q130232
Q581501,Q157443
Q581501,Q645928
Q581952,Q186472
Q581952,Q236913
Q582287,Q157443
Q582287,Q1361932
Q582979,Q93204
Q586979,Q1641839
Q586979,Q2332751
Q588352,Q187760
Q593123,Q93204
Q594131,Q130232
Q594131,Q20442589
Q598109,Q130232
Q598109,Q52162262
Q599188,Q130232
Q602878,Q182015
Q602878,Q188473
Q602878,Q226730
Q603162,Q130232
Q603162,Q157443
Q603162,Q52207399
Q604083,Q130232
Q604083,Q157443
Q604083,Q959790
Q604083,Q52207310
Q616346,Q206159
Q619374,Q130232
Q619374,Q157394
Q619374,Q860626
Q623443,Q859369
Q623443,Q52207399
Q625141,Q1054574
Q625141,Q12912091
Q625895,Q10922
Q626215,Q130232
Q626215,Q959790
Q626215,Q52207399
Q631103,Q860626
Q631103,Q1146335
Q631103,Q20442589
Q631103,Q52207310
Q19885043,Q2864737
Q19885053,Q134307
Q19885091,Q128115
Q19885094,Q1622217
Q19885098,Q170571
Q19885102,Q134307
Q19885104,Q134307
Q19885117,Q170571
Q19885130,Q128115
Q19885174,Q128115
Q19886949,Q134307
Q19886953,Q128115
Q19886962,Q128115
Q19886962,Q217213
Q19886984,Q192110
Q19887001,Q128115
Q19887056,Q191163
Q19887121,Q134307
Q19884761,Q192110
Q19884873,Q134307
Q19884919,Q3374376
Q19884936,Q128115
Q19884994,Q134307
Q19885008,Q128115
Q2102194,Q130232
Q2102194,Q226730
Q2105774,Q11366
Q2116797,Q859369
Q2116797,Q860626
Q2116797,Q20442589
Q2192521,Q130232
Q2195648,Q130232
Q2195957,Q130232
Q2234803,Q130232
Q2234803,Q226730
Q2288249,Q157443
Q2291287,Q36279
Q2291287,Q572901
Q2293972,Q157443
Q2297540,Q130232
Q2297540,Q157443
Q2297540,Q185529
Q2297540,Q200092
Q2297540,Q3072049
Q2297540,Q20442589
Q2297818,Q130232
Q2297818,Q645928
Q2297818,Q20442589
Q2298542,Q187760
Q2299632,Q93204
Q2299632,Q130232
Q2299632,Q52207310
Q2308797,Q860626
Q2315036,Q130232
Q2315036,Q859369
Q2318552,Q336059
Q2323801,Q10922
Q2341501,Q93204
Q2341501,Q226730
Q2344361,Q130232
Q2344361,Q859369
Q2352630,Q130232
Q2352630,Q1135802
Q2357585,Q3745430
Q2375138,Q157443
Q2378151,Q157443
Q2379008,Q130232
Q2381632,Q878985
Q2390076,Q157443
Q2398208,Q11366
Q2429403,Q226730
Q2432958,Q130232
Q2432958,Q20442589
Q2446193,Q157443
Q2446193,Q226730
Q2453955,Q130232
Q2453955,Q226730
Q2455661,Q130232
Q2455661,Q1919632
Q2456943,Q130232
Q2456943,Q1919632
Q2465911,Q191163
Q2465911,Q1047337
Q2480639,Q93204
Q2493884,Q93204
Q2495478,Q157443
Q2495478,Q1361932
Q2506062,Q40831
Q2506062,Q1361932
Q2508137,Q842256
Q2519621,Q130232
Q2519621,Q226730
Q2520343,Q40446
Q2520343,Q1047337
Q2523046,Q93204
Q2529345,Q130232
Q2533567,Q93204
Q2533567,Q7603925
Q2551963,Q37073
Q2552456,Q130232
Q631936,Q130232
Q631936,Q959790
Q634809,Q130232
Q636536,Q157443
Q637021,Q157394
Q637021,Q188473
Q637021,Q471839
Q637021,Q52207399
Q639481,Q130232
Q639481,Q157443
Q639481,Q645928
Q639481,Q20442589
Q643263,Q130232
Q643263,Q157443
Q643263,Q1054574
Q643263,Q52207399
Q643283,Q130232
Q643283,Q157443
Q643283,Q859369
Q645094,Q130232
Q645094,Q369747
Q647665,Q157443
Q647665,Q628165
Q647665,Q2143665
Q658041,Q319221
Q658041,Q628165
Q658041,Q859369
Q658041,Q959790
Q658041,Q1776156
Q658041,Q5442753
Q663960,Q130232
Q669591,Q130232
Q669591,Q157443
Q669591,Q859369
Q669622,Q130232
Q671410,Q130232
Q676928,Q130232
Q676928,Q959790
Q679611,Q157443
Q679611,Q1146335
Q679611,Q2991560
Q679611,Q18450913
Q679611,Q102429885
Q680172,Q157443
Q680172,Q1115187
Q685109,Q859369
Q685109,Q860626
Q687227,Q130232
Q687227,Q599558
Q687227,Q1054574
Q687227,Q52207399
Q688962,Q130232
Q689842,Q130232
Q689842,Q645928
Q689842,Q1339864
Q689842,Q17013749
Q689842,Q52207310
Q700601,Q130232
Q700601,Q369747
Q701173,Q130232
Q701173,Q157443
Q701173,Q16950433
Q19883925,Q192110
Q19883941,Q128115
Q19883950,Q134307
Q19883952,Q134307
Q19883953,Q192110
Q19883956,Q134307
Q19883963,Q128115
Q19883980,Q192110
Q19883989,Q1622217
Q19883993,Q18811686
Q19884018,Q192110
Q19884022,Q134307
Q19884023,Q128115
Q19884028,Q134307
Q19884029,Q2864737
Q705694,Q1259759
Q705694,Q1366112
Q705694,Q9335577
Q705694,Q98526239
Q707880,Q157394
Q707880,Q157443
Q707880,Q200092
Q707880,Q319221
Q707880,Q5258881
Q707880,Q21192427
Q711916,Q130232
Q716868,Q157443
Q719915,Q157394
Q719915,Q188473
Q719915,Q319221
Q719915,Q326439
Q719915,Q22981906
Q719915,Q52162262
Q725539,Q130232
Q725539,Q496523
Q725539,Q19367312
Q726823,Q157443
Q726823,Q188473
Q7170223,Q572901
Q7171550,Q24862
Q7171550,Q157443
Q7171550,Q202866
Q7229296,Q842256
Q7229296,Q21192427
Q7251151,Q93204
Q7306265,Q226730
Q7315430,Q93204
Q7315430,Q20442589
Q7339728,Q93204
Q7443952,Q7749
Q7445655,Q5376667
Q7459664,Q157394
Q7459664,Q157443
Q7459664,Q1361932
Q7502930,Q157443
Q7502930,Q1361932
Q7553951,Q93204
Q7603397,Q93204
Q7621367,Q93204
Q7623033,Q130232
Q7635738,Q131272
Q7655685,Q93204
Q7697523,Q93204
Q7714539,Q93204
Q7718556,Q3071
Q7720507,Q130232
Q7721621,Q842256
Q7722212,Q742333
Q7727567,Q645928
Q7727567,Q883179
Q7727567,Q52162262
Q7736407,Q262343
Q7739938,Q761469
Q7747408,Q93204
Q7747408,Q645928
Q7751536,Q130232
Q7757535,Q170571
Q7757637,Q93204
Q7758149,Q130232
Q7758149,Q157394
Q7758149,Q1054574
Q7762341,Q93204
Q7767057,Q130232
Q7767057,Q226730
Q7768416,Q130232
Q7817851,Q157443
Q7817851,Q172980
Q7821187,Q11356864
Q7821187,Q20442589
Q7837691,Q130232
Q7857846,Q1062404
Q7928777,Q1935974
Q7932313,Q5151495
Q7933396,Q170571
Q7991489,Q842256
Q7993694,Q187760
Q7997852,Q262343
Q7997852,Q572916
Q8008504,Q645928
Q8026053,Q1366112
Q8030744,Q134307
Q19888954,Q192110
Q19888954,Q192110
Q19888985,Q128115
Q19888985,Q128115
Q19889041,Q134307
Q19889041,Q134307
Q19887727,Q1622217
Q19887770,Q192110
Q19887774,Q134307
Q19888041,Q134307
Q19888817,Q2864737
Q19888821,Q134307
Q19888873,Q134307
Q19888895,Q192110
Q19888897,Q203209
Q19888897,Q57261466
Q19888945,Q1622217
Q19888947,Q192110
Q19888949,Q40446
Q19888949,Q1622217
Q19888954,Q192110
Q19888954,Q192110
Q19888985,Q128115
Q19888985,Q128115
Q19889041,Q134307
Q19889041,Q134307
Q19883690,Q170571
Q19883691,Q128115
Q19883706,Q170571
Q19883710,Q3374376
Q19883712,Q134307
Q19883715,Q128115
Q19883724,Q128115
Q19883737,Q170571
Q19883737,Q2316866
Q19883752,Q1047337
Q19883753,Q170571
Q19883766,Q170571
Q19883767,Q170571
Q19883770,Q170571
Q19883772,Q2864737
Q19883775,Q170571
Q19883777,Q1935974
Q19883781,Q134307
Q19883782,Q134307
Q19883783,Q128115
Q19883785,Q2316866
Q19883790,Q134307
Q19883797,Q191163
Q19883799,Q128115
Q19883805,Q191163
Q19884873,Q134307
Q19884919,Q3374376
Q19884936,Q128115
Q19884994,Q134307
Q19885008,Q128115
Q19885043,Q2864737
Q5394937,Q130232
Q5394937,Q52162262
Q5418081,Q130232
Q5453510,Q93204
Q5456612,Q170571
Q5456638,Q93204
Q5456638,Q20442589
Q5469156,Q93204
Q5478692,Q130232
Q5478692,Q157443
Q5478692,Q859369
Q5478692,Q2975633
Q5506258,Q459290
Q5580202,Q157443
Q5605182,Q93204
Q5605182,Q20442589
Q5654922,Q130232
Q5790733,Q130232
Q5790733,Q842256
Q5793095,Q130232
Q5807695,Q130232
Q5876348,Q130232
Q5903698,Q130232
Q5959432,Q157443
Q5966699,Q9759
Q5967140,Q8341
Q6009116,Q206159
Q6009116,Q236932
Q6046809,Q130232
Q6047803,Q130232
Q6060669,Q93204
Q6093480,Q130232
Q6205401,Q93204
Q6364833,Q860626
Q6441313,Q130232
Q6455615,Q61686009
Q6484613,Q157443
Q6485079,Q191163
Q6497116,Q23916
Q6497116,Q54767
Q6497116,Q2628513
Q6655630,Q11366
Q6675000,Q11399
Q6680135,Q93204
Q6682296,Q93204
Q6692639,Q484641
Q6753733,Q128115
Q6827970,Q842256
Q6946494,Q459290
Q7004106,Q484641
Q7032132,Q213156
Q7032132,Q682010
Q7044978,Q859369
Q7044978,Q20442589
Q7078805,Q4765076
Q7078978,Q130232
Q7093575,Q831354
Q19885998,Q226730
Q19886949,Q134307
Q19886953,Q128115
Q19886962,Q128115
Q19886962,Q217213
Q19886984,Q192110
Q19887001,Q128115
Q19887056,Q191163
Q19887121,Q134307
Q19887190,Q170571
Q19887269,Q262343
Q19887302,Q170571
Q726823,Q859369
Q726823,Q16950433
Q728404,Q130232
Q728404,Q959790
Q728404,Q3990883
Q728404,Q52207399
Q728404,Q109733333
Q729026,Q157443
Q730888,Q130232
Q730888,Q188473
Q730888,Q846544
Q730888,Q2484376
Q736938,Q157394
Q736938,Q157443
Q736938,Q1361932
Q738056,Q130232
Q738056,Q222639
Q738056,Q226730
Q738056,Q52207399
Q742998,Q130232
Q746574,Q130232
Q746574,Q645928
Q746574,Q52207310
Q748890,Q4282636
Q748890,Q27670585
Q750077,Q130232
Q750077,Q645928
Q750077,Q3072039
Q750077,Q20442589
Q750117,Q130232
Q750117,Q859369
Q750117,Q860626
Q750117,Q959790
Q753518,Q93204
Q756930,Q485395
Q756930,Q598929
Q757209,Q10922
Q770741,Q157443
Q770741,Q5778924
Q776085,Q130232
Q776085,Q157443
Q776085,Q860626
Q776085,Q1919632
Q777629,Q130232
Q777629,Q959790
Q777629,Q1200678
Q777629,Q3072039
Q777629,Q52207399
Q778696,Q157443
Q778696,Q20442589
Q785134,Q193355
Q785709,Q157443
Q785709,Q842256
Q786559,Q130232
Q786559,Q157443
Q786559,Q52162262
Q797679,Q130232
Q797679,Q842256
Q797679,Q1054574
Q797834,Q130232
Q797834,Q157443
Q798737,Q130232
Q798737,Q959790
Q805227,Q226730
Q805227,Q790192
Q805227,Q25110269
Q816038,Q842256
Q820753,Q157443
Q820753,Q842256
Q822426,Q3072039
Q822426,Q20443008
Q827106,Q130232
Q827106,Q369747
Q827106,Q1054574
Q830324,Q157443
Q830324,Q20442589
Q830553,Q130232
Q830553,Q599558
Q830553,Q1054574
Q830553,Q52207399
Q841203,Q130232
Q841203,Q459290
Q841203,Q959790
Q841203,Q1054574
Q841203,Q52207399
Q844258,Q205560
Q844819,Q130232
Q844819,Q959790
Q844819,Q1200678
Q844819,Q2421031
Q844819,Q2484376
Q844819,Q2975633
Q844819,Q20442589
Q846000,Q93204
Q852841,Q130232
Q852841,Q157443
Q852841,Q859369
Q864659,Q49451
Q864659,Q205560
Q864659,Q2332751
Q2552456,Q663106
Q2559560,Q859369
Q2559560,Q860626
Q2570805,Q10922
Q2598221,Q842256
Q2598221,Q1361932
Q2602267,Q130232
Q2602267,Q959790
Q2606565,Q11399
Q2613800,Q157443
Q2613800,Q185529
Q2613800,Q20442589
Q2614990,Q130232
Q2615028,Q157443
Q2625062,Q130232
Q2633011,Q130232
Q2635222,Q842256
Q2648692,Q128115
Q2656245,Q181861
Q2656419,Q3038946
Q2656419,Q52207399
Q2656737,Q130232
Q2656737,Q645928
Q2656737,Q17013749
Q2658658,Q157443
Q2658658,Q842256
Q2661541,Q859369
Q2667715,Q130232
Q2667715,Q157443
Q2667715,Q20442589
Q2687809,Q842256
Q2687809,Q860626
Q2697937,Q170571
Q2699996,Q157443
Q2699996,Q459435
Q2700743,Q157443
Q2703265,Q17175676
Q2709504,Q93204
Q2710864,Q130232
Q2710864,Q645928
Q2710864,Q842256
Q2710864,Q20442589
Q2711911,Q8341
Q2711911,Q105527
Q2711911,Q164444
Q2714745,Q130232
Q2724012,Q157394
Q2724012,Q157443
Q2816310,Q130232
Q2836922,Q130232
Q2836922,Q157443
Q2843993,Q130232
Q2843993,Q226730
Q2878100,Q130232
Q2898215,Q1622217
Q2903184,Q93204
Q2910010,Q157443
Q2915406,Q128115
Q2917817,Q860626
Q2918824,Q170571
Q2919779,Q262343
Q2919779,Q572916
Q2919779,Q1622217
Q2919779,Q2933810
Q2930295,Q25110269
Q2933031,Q130232
Q2937583,Q93204
Q2943546,Q842256
Q2963390,Q157443
Q2963390,Q202866
Q2963390,Q1361932
Q2986193,Q93204
Q2990688,Q170571
Q2999018,Q93204
Q3002614,Q130232
Q3002614,Q590103
Q3006638,Q93204
Q3006638,Q200092
Q3006638,Q2137852
Q3007211,Q93204
Q3007211,Q130232
Q3007211,Q586250
Q3007676,Q130232
Q3007676,Q1135802
Q3012646,Q130232
Q3015486,Q130232
Q3020208,Q130232
Q3025746,Q93204
Q3025746,Q1800833
Q3028326,Q17175676
Q3036128,Q1935609
Q3036132,Q157443
Q3038278,Q134307
Q3040115,Q572901
Q3042038,Q205560
Q3042382,Q31888058
Q3046393,Q93204
Q3046393,Q842256
Q3061513,Q459290
Q3067091,Q93204
Q19884276,Q134307
Q19884284,Q134307
Q19884289,Q2864737
Q19884301,Q128115
Q19884325,Q192110
Q19884337,Q192110
Q19884340,Q128115
Q19884344,Q128115
Q19884384,Q170571
Q19884391,Q170571
Q3991647,Q130232
Q3991647,Q859369
Q3992079,Q172980
Q4001083,Q130232
Q4001083,Q226730
Q4041210,Q157443
Q4041210,Q1361932
Q4041832,Q40831
Q4041832,Q1361932
Q4048569,Q52207399
Q4049722,Q842256
Q4049722,Q860626
Q4050323,Q157443
Q4051200,Q860626
Q4051338,Q157443
Q4051338,Q1361932
Q4051378,Q40831
Q4051378,Q842256
Q4051378,Q860626
Q4051378,Q1361932
Q4117145,Q859369
Q4117145,Q1200678
Q4186777,Q842256
Q4305892,Q130232
Q4305892,Q52162262
Q4310901,Q226730
Q4378029,Q3072039
Q4378287,Q3139891
Q4378287,Q21802675
Q4380958,Q39427
Q4384271,Q40831
Q4395391,Q130232
Q4395391,Q2975633
Q4414346,Q130232
Q4414346,Q2484376
Q4445366,Q226730
Q4544974,Q459290
Q4655366,Q226730
Q4655541,Q157443
Q4655541,Q202866
Q4655541,Q1361932
Q4660387,Q130232
Q4661010,Q130232
Q4661010,Q842256
Q4733939,Q130232
Q4747374,Q130232
Q4749665,Q52162262
Q4831496,Q93204
Q4851168,Q11366
Q4858250,Q130232
Q4936931,Q93204
Q4945821,Q10922
Q4967439,Q93204
Q4983742,Q226730
Q5024891,Q130232
Q5072684,Q93204
Q5089390,Q622548
Q5125185,Q130232
Q5156803,Q170571
Q5179574,Q46046
Q5179574,Q83440
Q5234805,Q187760
Q5234805,Q217467
Q5234805,Q1298934
Q5248750,Q226730
Q5274354,Q24925
Q5280490,Q130232
Q5280490,Q369747
Q5280490,Q17013749
Q5308687,Q134307
Q5308687,Q1622217
Q5324940,Q93204
Q5380168,Q4765076
Q19888302,Q170571
Q19888307,Q192110
Q19571315,Q172980
Q19571315,Q226730
Q19759099,Q557141
Q19873334,Q93204
Q19883400,Q191163
Q19883409,Q191163
Q19883410,Q191163
Q19883412,Q170571
Q19883421,Q2864737
Q19883422,Q134307
Q19883423,Q80113
Q19883423,Q170571
Q19883429,Q134307
Q19883434,Q134307
Q19883438,Q134307
Q864659,Q3840596
Q865092,Q157443
Q865092,Q319221
Q865092,Q1361932
Q867164,Q57775833
Q867283,Q130232
Q867283,Q157394
Q867283,Q188473
Q867283,Q319221
Q867283,Q471839
Q867283,Q859369
Q867283,Q2143665
Q867283,Q52207399
Q887569,Q842256
Q889240,Q11399
Q889240,Q37073
Q889240,Q1443316
Q892735,Q130232
Q892735,Q1054574
Q893926,Q471839
Q893926,Q20442589
Q893926,Q20443008
Q893926,Q108084492
Q907640,Q188473
Q907640,Q369747
Q907640,Q3745430
Q907640,Q112110143
Q910199,Q1551015
Q910199,Q29527347
Q911775,Q157443
Q911775,Q859369
Q911775,Q20442589
Q913440,Q130232
Q913440,Q959790
Q913440,Q2421031
Q914157,Q130232
Q914157,Q20442589
Q918401,Q93204
Q918401,Q130232
Q918401,Q226730
Q918769,Q130232
Q918769,Q2975633
Q918769,Q52207399
Q926695,Q612024
Q928260,Q130232
Q934036,Q2743
Q934036,Q130232
Q934036,Q842256
Q934036,Q859369
Q934036,Q52162262
Q934211,Q3071
Q934211,Q187760
Q938418,Q842256
Q945074,Q859369
Q945074,Q52162262
Q947538,Q599558
Q947538,Q2137852
Q947538,Q20442589
Q951962,Q205560
Q953106,Q130232
Q953106,Q959790
Q953106,Q52207399
Q954816,Q130232
Q954816,Q200092
Q954816,Q604725
Q954816,Q2254193
Q955416,Q471839
Q955416,Q761469
Q959051,Q130232
Q959051,Q645928
Q959051,Q859369
Q959051,Q959790
Q960579,Q130232
Q964375,Q130232
Q964375,Q859369
Q964375,Q28026639
Q964771,Q859369
Q964771,Q860626
Q966923,Q130232
Q966923,Q959790
Q972787,Q130232
Q978016,Q105527
Q978016,Q185162
Q978016,Q193355
Q978016,Q835891
Q978016,Q2994332
Q981189,Q130232
Q981189,Q226730
Q1014049,Q130232
Q1018306,Q130232
Q1044859,Q130232
Q1044859,Q645928
Q1044859,Q1054574
Q1044859,Q52162262
Q1050984,Q3071
Q1050984,Q187760
Q1050984,Q484641
Q1055962,Q157394
Q1055962,Q471839
Q1057432,Q130232
Q3067091,Q130232
Q3067606,Q172980
Q3077738,Q130232
Q3077738,Q157443
Q3077738,Q959790
Q3077738,Q25533274
Q3125535,Q130232
Q3135420,Q93204
Q3144100,Q846224
Q3144621,Q130232
Q3163528,Q130232
Q3178503,Q130232
Q3178503,Q959790
Q3202235,Q28026639
Q3203773,Q130232
Q3205507,Q130232
Q3205840,Q157443
Q3205840,Q1361932
Q3207087,Q157443
Q3207264,Q157443
Q3208128,Q93204
Q19887190,Q170571
Q19887269,Q262343
Q19887302,Q170571
Q19887380,Q128115
Q3210614,Q157443
Q3210718,Q157443
Q3211037,Q40446
Q3211037,Q3374376
Q3212174,Q130232
Q3213673,Q130232
Q3213673,Q157394
Q3213673,Q1054574
Q3213673,Q1200678
Q3222561,Q742333
Q3222561,Q11766730
Q3222806,Q157394
Q3222806,Q319221
Q3224848,Q130232
Q3226490,Q157443
Q3226490,Q1054574
Q3226490,Q1361932
Q3227182,Q842256
Q3227617,Q130232
Q3227617,Q17013749
Q3227685,Q93204
Q3228117,Q157443
Q3228263,Q157443
Q3228263,Q319221
Q3228263,Q1361932
Q3230453,Q1622217
Q3236849,Q157443
Q3242293,Q3071
Q3265958,Q93204
Q3278174,Q157443
Q3281072,Q3071
Q3281450,Q10922
Q3281450,Q598929
Q3281456,Q1507298
Q3283080,Q2332751
Q3283170,Q377910
Q3284549,Q130232
Q3284549,Q319221
Q3289984,Q37073
Q3313626,Q130232
Q3313626,Q959790
Q3324405,Q11366
Q3326144,Q93204
Q3327151,Q93204
Q3327151,Q130232
Q3327151,Q645928
Q3328521,Q572901
Q3332083,Q182956
Q3337526,Q93204
Q3337526,Q842256
Q3337584,Q93204
Q3344761,Q130232
Q3344761,Q226730
Q3344761,Q1054574
Q3344989,Q130232
Q3354161,Q130232
Q3355425,Q130232
Q3365051,Q959790
Q3365051,Q1200678
Q3370113,Q157443
Q3375713,Q130232
Q3392724,Q130232
Q3392748,Q157443
Q3392762,Q157443
Q3410641,Q130232
Q3414263,Q130232
Q3414263,Q790192
Q3414263,Q1135802
Q3416210,Q130232
Q3423831,Q130232
Q3428568,Q130232
Q3482344,Q130232
Q3485017,Q157443
Q3485017,Q842256
Q3485017,Q1361932
Q19883487,Q170571
Q19883490,Q191163
Q19883502,Q191163
Q19883505,Q191163
Q19883510,Q134307
Q19883512,Q2839016
Q19883519,Q2864737
Q19883522,Q191163
Q19883526,Q191163
Q19883535,Q191163
Q19883536,Q170571
Q19883545,Q5448026
Q19883551,Q134307
Q19883553,Q134307
Q19883556,Q170571
Q19883567,Q2864737
Q19883571,Q16875712
Q19883591,Q134307
Q19883595,Q191163
Q19883600,Q170571
Q19883603,Q170571
Q19883604,Q2864737
Q19883614,Q191163
Q19883616,Q170571
Q19883627,Q191163
Q45585,Q191163
Q910199,Q1551015
Q910199,Q29527347
Q1111330,Q134307
Q1219263,Q191163
Q1219263,Q1047337
Q3685142,Q134307
Q3775628,Q40446
Q3929376,Q40446
Q3929376,Q1047337
Q6455615,Q61686009
Q18614635,Q170571
Q19883422,Q134307
Q19883505,Q191163
Q19883652,Q1047337
Q19883772,Q2864737
Q19883950,Q134307
Q19883993,Q18811686
Q60493340,Q1935974
Q61633651,Q134307
Q7722212,Q742333
Q7757535,Q170571
Q7928777,Q1935974
Q7933396,Q170571
Q8030744,Q134307
Q9212498,Q191163
Q9357760,Q5376667
Q11687700,Q1047337
Q16038651,Q134307
Q16038651,Q192110
Q16038651,Q281108
Q16038651,Q19547247
Q16986541,Q128115
Q18688312,Q191163
Q18688313,Q134307
Q18688313,Q192110
Q18688314,Q170571
Q18688316,Q170571
Q18688317,Q191163
Q18688327,Q170571
Q18689459,Q134307
Q18710665,Q128115
Q19883400,Q191163
Q19883409,Q191163
Q19883410,Q191163
Q19883412,Q170571
Q19883421,Q2864737
Q19883422,Q134307
Q19883423,Q80113
Q19883423,Q170571
Q19883429,Q134307
Q19883434,Q134307
Q19883438,Q134307
Q19883438,Q1047337
Q19883440,Q134307
Q19883444,Q170571
Q19883456,Q191163
Q19883458,Q170571
Q19883464,Q191163
Q19883469,Q170571
Q19883471,Q170571
Q19883472,Q191163
Q19883519,Q2864737
Q19883522,Q191163
Q19883526,Q191163
Q19883535,Q191163
Q19883536,Q170571
Q19883545,Q5448026
Q19883551,Q134307
Q19883553,Q134307
Q19883556,Q170571
Q19883567,Q2864737
Q19883571,Q16875712
Q19883591,Q134307
Q19883595,Q191163
Q19883600,Q170571
Q19883603,Q170571
Q19883604,Q2864737
Q19883614,Q191163
Q19883616,Q170571
Q19883627,Q191163
Q19883634,Q3374376
Q19883641,Q1047337
Q19883648,Q941875
Q19883652,Q1047337
Q19883653,Q192110
Q19883656,Q1047337
Q19883662,Q170571
Q19887380,Q128115
Q19887445,Q134307
Q19887445,Q1622217
Q19887445,Q2839016
Q19887473,Q262343
Q19887473,Q821499
Q19887486,Q170571
Q19887539,Q2864737
Q19888128,Q170571
Q19887580,Q170571
Q19887588,Q128115
Q19887605,Q203209
Q19887609,Q3374376
Q19887611,Q134307
Q19887623,Q170571
Q19887627,Q128115
Q19887633,Q191163
Q19887662,Q134307
Q19887664,Q170571
Q19888695,Q2864737
Q19888710,Q170571
Q19888717,Q192110
Q19888744,Q128115
Q19888774,Q128115
Q19888817,Q2864737
Q19888821,Q134307
Q19888873,Q134307
Q19888895,Q192110
Q19888897,Q203209
Q19888897,Q57261466
Q19888945,Q1622217
Q19888947,Q192110
Q19888949,Q40446
Q19888949,Q1622217
Q1057432,Q3745430
Q1062362,Q130232
Q1062362,Q842256
Q1062362,Q20442589
Q1066098,Q157443
Q1066098,Q1339864
Q1066714,Q130232
Q1066714,Q859369
Q1066714,Q860626
Q1066714,Q5151497
Q1066873,Q130232
Q1066873,Q842256
Q1066873,Q28026639
Q1066873,Q52162262
Q1074897,Q7749
Q1074897,Q11399
Q1074897,Q1641839
Q19884058,Q128115
Q19884061,Q128115
Q19884069,Q57261466
Q19884086,Q128115
Q19884183,Q2864737
Q19884195,Q192110
Q19884205,Q128115
Q19884276,Q134307
Q19884284,Q134307
Q19884289,Q2864737
Q19884301,Q128115
Q19884325,Q192110
Q19884337,Q192110
Q19884340,Q128115
Q19884344,Q128115
Q19884384,Q170571
Q19884391,Q170571
Q19884452,Q191163
Q19884460,Q170571
Q19884486,Q128115
Q19884567,Q192110
Q1077565,Q130232
Q1077902,Q130232
Q1077902,Q226730
Q1077902,Q1054574
Q1088534,Q11399
Q1111330,Q134307
Q1113293,Q192110
Q1116991,Q130232
Q1116991,Q628165
Q1128496,Q157394
Q1128496,Q622548
Q1128496,Q663106
Q1128750,Q130232
Q1128750,Q842256
Q1131380,Q157394
Q1131380,Q842256
Q1131380,Q2143665
Q1131380,Q52207399
Q1131791,Q157394
Q1131791,Q842256
Q1133395,Q157443
Q1133395,Q496523
Q1137756,Q157443
Q1137899,Q130232
Q1137899,Q157443
Q1138798,Q130232
Q1138798,Q157443
Q1138798,Q52162262
Q1139284,Q130232
Q1139284,Q459290
Q1139284,Q1339864
Q1139284,Q2484376
Q1139284,Q52207399
Q1139454,Q130232
Q1139454,Q319221
Q1139454,Q628165
Q1139454,Q645928
Q1139491,Q130232
Q1139491,Q2975633
Q1139794,Q663106
Q1139794,Q860626
Q1139794,Q2991560
Q1141731,Q130232
Q1141731,Q1135802
Q1144399,Q860626
Q1144782,Q52207399
Q1154410,Q2839016
Q1154410,Q3374376
Q1156365,Q130232
Q1167120,Q130232
Q1170048,Q200092
Q1170048,Q5769663
Q1170907,Q222639
Q1170907,Q226730
Q1170907,Q319221
Q1170907,Q52207399
Q1171341,Q130232
Q1171359,Q17175676
Q1171531,Q130232
Q1171692,Q130232
Q1171692,Q157443
Q1171692,Q1054574
Q20741424,Q550484
Q20741439,Q550484
Q20741443,Q20741242
Q20741444,Q20741242
Q20741453,Q20741242
Q20741454,Q1622217
Q20741454,Q57261466
Q20741455,Q550484
Q20741459,Q20741242
Q20741460,Q550484
Q20741464,Q212431
Q20741464,Q20741242
Q20741465,Q20741242
Q20741467,Q20741242
Q20741468,Q550484
Q20741470,Q550484
Q20741471,Q550484
Q20741480,Q20741242
Q20741482,Q550484
Q20741483,Q550484
Q20741486,Q550484
Q20741489,Q20741242
Q20741490,Q20741242
Q20741491,Q550484
Q20741492,Q550484
Q20741495,Q20741242
Q20741496,Q550484
Q20741497,Q20741242
Q20741506,Q550484
Q20741507,Q20741242
Q20741508,Q550484
Q20741509,Q20741242
Q20741510,Q550484
Q20741511,Q550484
Q20741513,Q20741242
Q20741514,Q550484
Q20741515,Q550484
Q20741516,Q20741242
Q20741517,Q550484
Q20741520,Q550484
Q20741522,Q20741242
Q20741524,Q550484
Q20741525,Q550484
Q20741527,Q20741242
Q20741531,Q550484
Q20741534,Q550484
Q20741542,Q550484
Q20741545,Q550484
Q20741547,Q550484
Q20741549,Q20741242
Q20741724,Q550484
Q20741727,Q550484
Q20741728,Q550484
Q20741729,Q550484
Q20741730,Q550484
Q20741731,Q550484
Q20741732,Q550484
Q20741733,Q550484
Q20741734,Q550484
Q20741735,Q550484
Q20741737,Q550484
Q20741740,Q550484
Q20741741,Q550484
Q20741743,Q20741242
Q20741746,Q550484
Q20741747,Q20741242
Q20741748,Q550484
Q20741749,Q550484
Q20741750,Q550484
Q20741752,Q203209
Q20741752,Q550484
Q20741754,Q550484
Q20741755,Q550484
Q20741760,Q20741242
Q20741763,Q550484
Q20741766,Q20741242
Q20741767,Q20741242
Q20741768,Q20741242
Q20741772,Q550484
Q20741773,Q550484
Q20741777,Q20741242
Q20741779,Q550484
Q20741780,Q550484
Q20741781,Q550484
Q20741782,Q550484
Q20741790,Q550484
Q20741793,Q20741242
Q20741794,Q550484
Q20741795,Q20741242
Q20741796,Q20741242
Q20741798,Q20741242
Q20741799,Q20741242
Q20741805,Q1622217
Q20741806,Q550484
Q20741807,Q20741242
Q20741813,Q550484
Q20741814,Q20741242
Q20741815,Q550484
Q20741816,Q20741242
Q20741817,Q550484
Q3485627,Q93204
Q3488987,Q93204
Q19887445,Q134307
Q19887445,Q1622217
Q19887445,Q2839016
Q19887473,Q262343
Q19887473,Q821499
Q19887486,Q170571
Q19887539,Q2864737
Q3492377,Q157443
Q3505874,Q130232
Q3508807,Q130232
Q3513517,Q93204
Q3519914,Q157443
Q3520072,Q130232
Q3520072,Q226730
Q3520573,Q130232
Q3520573,Q20442589
Q3522082,Q93204
Q3522583,Q842256
Q3522804,Q130232
Q3522804,Q859369
Q3522804,Q860626
Q3522804,Q1054574
Q3539343,Q572901
Q3549138,Q130232
Q3549138,Q959790
Q3549138,Q20442589
Q3555988,Q93204
Q3562439,Q130232
Q3566402,Q130232
Q3566402,Q157443
Q3566402,Q208555
Q3566902,Q130232
Q3566902,Q200092
Q3567946,Q157443
Q3569753,Q128115
Q3570966,Q130232
Q3571586,Q842256
Q3602620,Q226730
Q3615279,Q93204
Q3620529,Q226730
Q3620529,Q790192
Q3620669,Q130232
Q3620669,Q188473
Q3620669,Q319221
Q3620669,Q369747
Q3620669,Q2484376
Q3620669,Q52162262
Q3620669,Q116456802
Q3621177,Q226730
Q3622216,Q37073
Q3622216,Q131272
Q3622216,Q164444
Q3625296,Q130232
Q3627727,Q226730
Q3632880,Q134307
Q3640065,Q226730
Q3675199,Q170571
Q3677219,Q93204
Q3685142,Q134307
Q3686026,Q157394
Q3686026,Q471839
Q3686026,Q645928
Q3700505,Q93204
Q3700505,Q645928
Q3700505,Q20442589
Q3701088,Q134307
Q3701088,Q1047337
Q3715905,Q102932
Q3715905,Q217597
Q3715905,Q572901
Q3715905,Q1640319
Q3764502,Q130232
Q3764502,Q1146335
Q3764502,Q2975633
Q3775512,Q191163
Q3775628,Q40446
Q3786544,Q158607
Q3793240,Q191163
Q3794287,Q130232
Q3794287,Q842256
Q3795198,Q191163
Q3798257,Q191163
Q3798257,Q1935974
Q3798257,Q2839016
Q3801048,Q192110
Q3801847,Q93204
Q3818801,Q18811686
Q3818974,Q191163
Q3819526,Q12132683
Q3824357,Q134307
Q3824395,Q130232
Q3824395,Q20442589
Q3826517,Q170571
Q3830982,Q93204
Q3830982,Q645928
Q3830982,Q842256
Q3849423,Q1507298
Q3853873,Q93204
Q1171692,Q20442589
Q1171692,Q52162262
Q1192296,Q93204
Q1192296,Q7603925
Q1192537,Q130232
Q1192927,Q130232
Q1192927,Q157394
Q1192927,Q226730
Q1195631,Q130232
Q1195631,Q185867
Q1195631,Q52207399
Q1196689,Q130232
Q1196689,Q2484376
Q1196706,Q157443
Q1196706,Q622548
Q1196706,Q959790
Q1196706,Q2484376
Q1197501,Q853630
Q1197501,Q1200678
Q1197501,Q2439025
Q1197932,Q130232
Q1197932,Q157443
Q1197932,Q1919632
Q1197932,Q2292320
Q1198483,Q157394
Q1198483,Q319221
Q1198794,Q130232
Q1198794,Q842256
Q1198850,Q172980
Q1199284,Q130232
Q1199284,Q369747
Q1199519,Q157394
Q1199519,Q2143665
Q1206519,Q54767
Q1214845,Q130232
Q1214845,Q157443
Q1215008,Q130232
Q1215008,Q645928
Q1215008,Q17013749
Q1215103,Q130232
Q1215103,Q369747
Q1215103,Q52207399
Q1218152,Q699
Q1218152,Q842256
Q1218152,Q17175676
Q1218226,Q130232
Q1218226,Q645928
Q1218959,Q130232
Q1218959,Q2975633
Q1218959,Q52162262
Q1219263,Q191163
Q1219263,Q1047337
Q1226378,Q130232
Q1234074,Q130232
Q1234074,Q1054574
Q1235281,Q130232
Q1235281,Q157443
Q1248074,Q130232
Q1249229,Q93204
Q1254108,Q860626
Q1254108,Q20442589
Q1256999,Q134307
Q1273817,Q157443
Q1273817,Q842256
Q1273817,Q859369
Q1277970,Q130232
Q1277970,Q20442589
Q1280945,Q130232
Q1280945,Q157443
Q1280945,Q2975633
Q1294901,Q157443
Q1297233,Q1257444
Q1303143,Q130232
Q1304397,Q157443
Q1305557,Q130232
Q1305557,Q859369
Q1305557,Q860626
Q1306629,Q860626
Q1306890,Q248583
Q1306890,Q496523
Q1306890,Q22981906
Q1306890,Q78461348
Q1313453,Q130232
Q1316254,Q1047337
Q1321279,Q842256
Q1321880,Q130232
Q1321880,Q52162262
Q1324517,Q130232
Q1324641,Q130232
Q1324641,Q959790
Q1324641,Q1146335
Q1324641,Q2484376
Q1324641,Q2975633
Q1334558,Q226730
Q1334558,Q790192
Q1334558,Q25110269
Q1336107,Q860626
Q1336326,Q130232
Q1338368,Q130232
Q1338368,Q859369
Q20741818,Q20741242
Q20741818,Q20741242
Q20741820,Q550484
Q20741820,Q550484
Q20741821,Q550484
Q20741821,Q550484
Q20741823,Q550484
Q20741823,Q550484
Q20741824,Q550484
Q20741824,Q550484
Q20741826,Q550484
Q20741826,Q550484
Q20741827,Q20741242
Q20741827,Q20741242
Q20741828,Q20741242
Q20741828,Q20741242
Q20741829,Q550484
Q20741829,Q550484
Q20741832,Q550484
Q20741832,Q550484
Q20741709,Q20741242
Q20741710,Q20741242
Q20741711,Q550484
Q20741712,Q550484
Q20741716,Q550484
Q20741717,Q550484
Q20741718,Q20741242
Q20741719,Q550484
Q20741720,Q550484
Q20741724,Q550484
Q20741727,Q550484
Q20741728,Q550484
Q20741729,Q550484
Q20741730,Q550484
Q20741731,Q550484
Q20741732,Q550484
Q20741733,Q550484
Q20741734,Q550484
Q20741735,Q550484
Q20741737,Q550484
Q20741740,Q550484
Q20741741,Q550484
Q20741743,Q20741242
Q20741746,Q550484
Q20741747,Q20741242
Q20741748,Q550484
Q20741749,Q550484
Q20741750,Q550484
Q20741752,Q203209
Q20741752,Q550484
Q20741754,Q550484
Q20741755,Q550484
Q20741760,Q20741242
Q20741763,Q550484
Q20741766,Q20741242
Q20741767,Q20741242
Q20741768,Q20741242
Q20741772,Q550484
Q20741773,Q550484
Q20741777,Q20741242
Q20741779,Q550484
Q20741780,Q550484
Q20741781,Q550484
Q20741782,Q550484
Q20741790,Q550484
Q20741793,Q20741242
Q20741794,Q550484
Q20741795,Q20741242
Q20741796,Q20741242
Q20741798,Q20741242
Q20741799,Q20741242
Q20741805,Q1622217
Q20741806,Q550484
Q20741807,Q20741242
Q20741813,Q550484
Q20741814,Q20741242
Q20741815,Q550484
Q20741816,Q20741242
Q20741817,Q550484
Q20741818,Q20741242
Q20741818,Q20741242
Q20741820,Q550484
Q20741820,Q550484
Q20741821,Q550484
Q20741821,Q550484
Q20741823,Q550484
Q20741823,Q550484
Q20741824,Q550484
Q20741824,Q550484
Q20741826,Q550484
Q20741826,Q550484
Q20741827,Q20741242
Q20741827,Q20741242
Q20741828,Q20741242
Q20741828,Q20741242
Q20741829,Q550484
Q20741829,Q550484
Q20741832,Q550484
Q20741832,Q550484
Q20741835,Q20741242
Q1340846,Q66230650
Q1345290,Q157394
Q1345290,Q226730
Q1348177,Q2421031
Q1348177,Q19367312
Q1353441,Q130232
Q1353441,Q645928
Q1353441,Q842256
Q1353441,Q21401869
Q1367548,Q130232
Q1372318,Q130232
Q1372318,Q1054574
Q1373591,Q130232
Q1373591,Q645928
Q1373591,Q859369
Q1393651,Q130232
Q1404473,Q157443
Q1404473,Q959790
Q1404473,Q20442589
Q1404916,Q130232
Q1404916,Q1054574
Q1404916,Q52162262
Q1405186,Q130232
Q1410628,Q130232
Q1419980,Q130232
Q1419980,Q1200678
Q1419980,Q2421031
Q1421593,Q157443
Q1421593,Q188473
Q1421593,Q20442589
Q1422242,Q130232
Q1422242,Q1054574
Q1424099,Q130232
Q1424099,Q1054574
Q1424099,Q2439025
Q1424099,Q2484376
Q1424099,Q52207399
Q1424210,Q130232
Q1425404,Q859369
Q1432496,Q130232
Q1432496,Q959790
Q1432496,Q3072039
Q1432496,Q20442589
Q1440054,Q130232
Q1440054,Q2975633
Q1470342,Q130232
Q1470342,Q185867
Q1470342,Q369747
Q1470342,Q2421031
Q1470342,Q52162262
Q1507926,Q270948
Q1508130,Q842256
Q1508130,Q860626
Q1512163,Q203209
Q1512339,Q93204
Q1517812,Q16875712
Q1538018,Q3745430
Q1545246,Q853630
Q1545246,Q1200678
Q1558569,Q130232
Q1558569,Q1054574
Q1559662,Q130232
Q1559662,Q226730
Q1559662,Q1054574
Q1569662,Q93204
Q1571704,Q157443
Q1571712,Q130232
Q1571869,Q130232
Q1581723,Q130232
Q1581723,Q157443
Q1581723,Q842256
Q1584736,Q45981
Q1586983,Q130232
Q1586983,Q226730
Q1586983,Q1054574
Q1610534,Q842256
Q1617807,Q130232
Q1617807,Q157443
Q1617807,Q20442589
Q1620654,Q10922
Q1631212,Q157443
Q1631212,Q859369
Q1637390,Q130232
Q1637390,Q959790
Q1652122,Q130232
Q1656834,Q130232
Q1656834,Q20442589
Q1659871,Q11366
Q1662399,Q130232
Q1662399,Q157443
Q1670513,Q130232
Q1670513,Q859369
Q1707497,Q130232
Q1707497,Q959790
Q1708290,Q130232
Q1749795,Q130232
Q1751800,Q1562657
Q1751800,Q21010853
Q1754980,Q130232
Q1754980,Q959790
Q1757581,Q93204
Q1757803,Q584105
Q1766254,Q157443
Q1767176,Q588289
Q1770720,Q93204
Q1774421,Q130232
Q1774421,Q157443
Q1777166,Q1361932
Q1779674,Q130232
Q1779674,Q157443
Q1779674,Q1135802
Q1780808,Q157394
Q1780808,Q200092
Q1780808,Q471839
Q1780808,Q2143665
Q1780808,Q52162262
Q1781285,Q130232
Q1781285,Q157443
Q1781285,Q959790
Q1781285,Q1776156
Q1781285,Q2421031
Q1781689,Q170571
Q1807224,Q130232
Q1807224,Q1054574
Q1811058,Q130232
Q1823864,Q52162262
Q1894071,Q859369
Q1894071,Q1054574
Q1894071,Q20442589
Q1922418,Q102932
Q1930855,Q11399
Q1962105,Q93204
Q1962105,Q645928
Q1971276,Q622548
Q1971276,Q842256
Q1984935,Q130232
Q1984935,Q226730
Q1987132,Q599558
Q1987132,Q1054574
Q1995296,Q130232
Q1995296,Q645928
Q1995296,Q1054574
Q2000923,Q622548
Q2000923,Q25110269
Q2009666,Q130232
Q2009666,Q859369
Q2016798,Q93204
Q2016798,Q130232
Q2017468,Q157394
Q2017468,Q157443
Q2017468,Q959790
Q2017468,Q20442589
Q2018403,Q130232
Q2037761,Q157443
Q2055753,Q23916
Q2055753,Q273383
Q2060077,Q622548
Q2060077,Q842256
Q2060283,Q130232
Q2060283,Q645928
Q2060283,Q959790
Q2060283,Q20442589
Q2060283,Q52162262
Q2060452,Q130232
Q2060452,Q157443
Q2060452,Q20442589
Q2061259,Q130232
Q2061259,Q157443
Q2061259,Q842256
Q2061259,Q2975633
Q2067241,Q1361932
Q2067313,Q93204
Q2067313,Q7579035
Q2067313,Q24960157
Q2072055,Q130232
Q2072909,Q185529
Q2072909,Q200092
Q2072909,Q2724311
Q2072909,Q3072049
Q2072909,Q20442589
Q2073171,Q859369
Q2073178,Q157443
Q2073178,Q1361932
Q2098642,Q93204
Q2098642,Q226730
Q19888128,Q170571
Q69418222,Q203209
Q85790687,Q128115
Q96184326,Q134307
Q97066681,Q212431
Q97066681,Q550484
Q104622220,Q128115
Q104622220,Q128115
Q108657794,Q262343
Q108657794,Q262343
Q108657883,Q262343
Q108657883,Q262343
Q108657977,Q262343
Q108657977,Q262343
Q108658287,Q262343
Q108658287,Q262343
Q19888302,Q170571
Q19888307,Q192110
Q24258480,Q157443
Q24258585,Q157443
Q25095190,Q8341
Q25401545,Q130232
Q25401545,Q172980
Q26864875,Q93204
Q27590321,Q157443
Q27781609,Q3476508
Q27966807,Q682010
Q27966908,Q226730
Q27969840,Q226730
Q27979451,Q4164344
Q28092212,Q134307
Q28451225,Q11399
Q28503495,Q645928
Q29577744,Q11356864
Q33133522,Q842256
Q39072742,Q193355
Q42859084,Q1123841
Q47540440,Q1622217
Q47556761,Q2865836
Q50351176,Q1935974
Q55835403,Q1622217
Q60616602,Q82604
Q60616602,Q1286846
Q60616602,Q2535546
Q61627305,Q191163
Q61627305,Q29527347
Q62021123,Q1935974
Q19888695,Q2864737
Q19888710,Q170571
Q19888717,Q192110
Q19888744,Q128115
Q19888774,Q128115
Q20001645,Q93204
Q20001645,Q226730
Q20004165,Q157443
Q20005119,Q226730
Q20005663,Q226730
Q20741294,Q20741242
Q20741370,Q550484
Q20741418,Q550484
Q20741424,Q550484
Q102254037,Q1935974
Q102257499,Q128115
Q102257534,Q128115
Q104622220,Q128115
Q104622220,Q128115
Q107353710,Q82604
Q107353710,Q838948
Q107353710,Q1764356
Q107353710,Q10953913
Q107353721,Q1764356
Q108657794,Q262343
Q108657794,Q262343
Q108657883,Q262343
Q108657883,Q262343
Q108657977,Q262343
Q108657977,Q262343
Q108658287,Q262343
Q108658287,Q262343
Q123285753,Q147516
Q123285753,Q939559
Q123694260,Q134307
Q126392112,Q170571
Q131449480,Q191163
Q131449480,Q7046534
Q20741294,Q20741242
Q20741370,Q550484
Q20741418,Q550484
Q63430555,Q11399
Q63430555,Q37073
Q64144822,Q191163
Q64253294,Q191163
Q64433150,Q49451
Q64433150,Q83270
Q64433150,Q3397882
Q65036783,Q217467
Q65154523,Q377910
Q65684176,Q1353984
Q65963241,Q182956
Q66973532,Q76092
Q66973532,Q217467
Q69418222,Q203209
Q73396630,Q877693
Q85790687,Q128115
Q91013446,Q82604
Q91013446,Q1286756
Q91013446,Q1764356
Q96184326,Q134307
Q97066683,Q212431
Q97066683,Q550484
Q97066685,Q212431
Q97066685,Q550484
Q100717846,Q93204
Q114496005,Q262343
Q114496005,Q572916
Q114496024,Q262343
Q114496024,Q572916
Q116729308,Q2839016
Q116729337,Q2839016
Q116729448,Q2839016
Q20741439,Q550484
Q20741443,Q20741242
Q20741444,Q20741242
Q20741453,Q20741242
Q20741454,Q1622217
Q20741454,Q57261466
Q20741455,Q550484
Q20741459,Q20741242
Q20741460,Q550484
Q20741464,Q212431
Q20741464,Q20741242
Q20741465,Q20741242
Q20741467,Q20741242
Q20741468,Q550484
Q20741470,Q550484
Q20741471,Q550484
Q20741480,Q20741242
Q20741482,Q550484
Q20741483,Q550484
Q20741486,Q550484
Q20741489,Q20741242
Q20741490,Q20741242
Q20741491,Q550484
Q20741492,Q550484
Q20741495,Q20741242
Q20741496,Q550484
Q20741497,Q20741242
Q20741506,Q550484
Q20741507,Q20741242
Q20741508,Q550484
Q20741509,Q20741242
Q20741510,Q550484
Q20741511,Q550484
Q20741513,Q20741242
Q20741514,Q550484
Q20741515,Q550484
Q20741516,Q20741242
Q20741517,Q550484
Q20741520,Q550484
Q20741522,Q20741242
Q20741524,Q550484
Q20741525,Q550484
Q20741527,Q20741242
Q20741531,Q550484
Q20741534,Q550484
Q20741542,Q550484
Q20741545,Q550484
Q20741547,Q550484
Q20741549,Q20741242
Q20741709,Q20741242
Q20741710,Q20741242
Q20741711,Q550484
Q20741712,Q550484
Q20741716,Q550484
Q20741717,Q550484
Q20741718,Q20741242
Q20741719,Q550484
Q20741720,Q550484
Q110893072,Q682010
Q20741835,Q20741242
Q20741837,Q550484
Q20741838,Q20741242
Q20741858,Q20741242
Q20741859,Q20741242
Q20741860,Q20741242
Q20741861,Q20741242
Q20741862,Q20741242
Q20741863,Q20741242
Q20741864,Q20741242
Q20741867,Q550484
Q20741868,Q20741242
Q20741870,Q378604
Q20741875,Q550484
Q20741882,Q550484
Q20741909,Q550484
Q20741912,Q550484
Q20741915,Q550484
Q20741936,Q20741242
Q20741953,Q550484
Q20741998,Q550484
Q20742000,Q550484
Q20742007,Q550484
Q20742016,Q550484
Q20756639,Q790192
Q20856073,Q1622217
Q20874589,Q93204
Q21010872,Q20442589
Q21184339,Q226730
Q21592108,Q682010
Q21655444,Q1047337
Q21713088,Q128115
Q21869201,Q130232
Q21869201,Q226730
Q47540440,Q1622217
Q47556761,Q2865836
Q55835403,Q1622217
Q61627305,Q191163
Q61627305,Q29527347
Q62021123,Q1935974
Q64144822,Q191163
Q23055264,Q542554
Q23459543,Q557141
Q23999260,Q93204
Q19883438,Q1047337
Q19883440,Q134307
Q19883444,Q170571
Q19883456,Q191163
Q19883458,Q170571
Q19883464,Q191163
Q19883469,Q170571
Q19883471,Q170571
Q19883472,Q191163
Q19883487,Q170571
Q19883490,Q191163
Q19883502,Q191163
Q19883505,Q191163
Q19883510,Q134307
Q19883512,Q2839016
Q19884452,Q191163
Q19884460,Q170571
Q19884486,Q128115
Q19884567,Q192110
Q19884761,Q192110
Q19887727,Q1622217
Q19887770,Q192110
Q19887774,Q134307
Q19888041,Q134307
Q19885053,Q134307
Q19885091,Q128115
Q19885094,Q1622217
Q19885098,Q170571
Q19885102,Q134307
Q19885104,Q134307
Q19885117,Q170571
Q19885130,Q128115
Q19885171,Q1744327
Q19885174,Q128115
Q20741837,Q550484
Q20741838,Q20741242
Q20741858,Q20741242
Q20741859,Q20741242
Q20741860,Q20741242
Q20741861,Q20741242
Q20741862,Q20741242
Q20741863,Q20741242
Q20741864,Q20741242
Q20741867,Q550484
Q20741868,Q20741242
Q20741870,Q378604
Q20741875,Q550484
Q20741882,Q550484
Q20741909,Q550484
Q20741912,Q550484
Q20741915,Q550484
Q20741936,Q20741242
Q20741953,Q550484
Q20741998,Q550484
Q20742000,Q550484
Q20742007,Q550484
Q20742016,Q550484
Q20856073,Q1622217
Q21655444,Q1047337
Q3858606,Q11060274
Q3873321,Q170571
Q3873329,Q170571
Q3875099,Q191163
Q3877090,Q191163
Q3903493,Q134307
Q3929376,Q40446
Q3929376,Q1047337
Q3955799,Q170571
Q3974609,Q191163
Q3975803,Q2332751
Q3976296,Q170571
Q3976314,Q170571
Q3985584,Q130232
Q3985584,Q226730
Q3985782,Q226730
Q3986436,Q130232
Q3986436,Q226730
Q3986436,Q369747
Q3986568,Q226730
Q3987624,Q130232
Q3987624,Q226730
Q3988282,Q172980
Q3988282,Q226730
Q3988363,Q226730
Q3989500,Q226730
Q19887580,Q170571
Q19887588,Q128115
Q19887605,Q203209
Q19887609,Q3374376
Q19887611,Q134307
Q19887623,Q170571
Q19887627,Q128115
Q19887633,Q191163
Q19887662,Q134307
Q19887664,Q170571
Q116729308,Q2839016
Q116729337,Q2839016
Q116729448,Q2839016
Q123285753,Q147516
Q123285753,Q939559
Q123694260,Q134307
Q124986204,Q191163
Q125029816,Q191163
Q125882246,Q191163
Q126392112,Q170571
Q131449480,Q191163
Q131449480,Q7046534
