OLKey,WikidataID,AuthorGender,genderID,AuthorBirthDate,AuthorDeathDate
OL127193A,Q133855,male,Q6581097,,
OL59742A,Q463664,male,Q6581097,,
OL982536A,Q695239,male,Q6581097,,
OL1108979A,Q708502,male,Q6581097,,
OL131172A,Q965990,male,Q6581097,,
OL499685A,Q1281597,male,Q6581097,,
OL966076A,Q1870053,male,Q6581097,,
OL346414A,Q17636443,female,Q6581072,,
OL27962A,Q4724,male,Q6581097,,
OL1010519A,Q116216,male,Q6581097,,
OL37061A,Q335189,male,Q6581097,,
OL1888857A,Q551624,male,Q6581097,,
OL353860A,Q703660,male,Q6581097,,
OL421012A,Q1745240,male,Q6581097,,
OL420587A,Q7000070,male,Q6581097,,
OL89151A,Q47496,female,Q6581072,,
OL261495A,Q62992,male,Q6581097,,
OL599267A,Q471764,male,Q6581097,,
OL346683A,Q528511,male,Q6581097,,
OL145649A,Q1584571,male,Q6581097,,
OL535427A,Q16123467,female,Q6581072,,
OL450991A,Q16501099,male,Q6581097,,
OL1519467A,Q56702406,male,Q6581097,,
OL45499A,Q7836,male,Q6581097,,
OL135147A,Q62249,male,Q6581097,,
OL120831A,Q88130,male,Q6581097,,
OL33973A,Q168587,male,Q6581097,,
OL251079A,Q472756,male,Q6581097,,
OL294068A,Q644630,male,Q6581097,,
OL4327004A,Q649822,male,Q6581097,,
OL1962756A,Q709461,male,Q6581097,,
OL2360263A,Q1307719,male,Q6581097,,
OL49537A,Q2426702,male,Q6581097,,
OL434230A,Q111018,male,Q6581097,,
OL1013261A,Q318048,male,Q6581097,,
OL47573A,Q328106,male,Q6581097,,
OL27396A,Q918620,male,Q6581097,,
OL5300764A,Q1525577,male,Q6581097,,
OL597448A,Q2078922,male,Q6581097,,
OL2263038A,Q5126620,male,Q6581097,,
OL592626A,Q15488004,male,Q6581097,,
OL685705A,Q22954803,male,Q6581097,,
OL117592A,Q9364,male,Q6581097,,
OL79039A,Q43444,male,Q6581097,,
OL2266704A,Q118062,male,Q6581097,,
OL1179547A,Q151836,male,Q6581097,,
OL66035A,Q182847,male,Q6581097,,
OL65312A,Q313055,male,Q6581097,,
OL598532A,Q531806,male,Q6581097,,
OL126235A,Q2037162,male,Q6581097,,
OL1435776A,Q3275728,male,Q6581097,,
OL24119A,Q6370124,female,Q6581072,,
OL2553381A,Q7493560,male,Q6581097,,
OL1758897A,Q52156821,male,Q6581097,,
OL7310635A,Q90902576,female,Q6581072,,
OL4327105A,Q153965,male,Q6581097,,
OL245438A,Q154594,male,Q6581097,,
OL18814A,Q311132,male,Q6581097,,
OL1252450A,Q381031,male,Q6581097,,
OL274075A,Q765758,male,Q6581097,,
OL1931508A,Q5760733,male,Q6581097,,
OL936157A,Q18935041,male,Q6581097,,
OL2832237A,Q95902368,male,Q6581097,,
OL28175A,Q154260,male,Q6581097,,
OL991091A,Q381937,male,Q6581097,,
OL406827A,Q5240627,male,Q6581097,,
OL283265A,Q154448,male,Q6581097,,
OL22645A,Q465292,female,Q6581072,,
OL450339A,Q721633,male,Q6581097,,
OL74410A,Q1394112,male,Q6581097,,
OL1448812A,Q2560842,male,Q6581097,,
OL430905A,Q3060262,female,Q6581072,,
OL2407399A,Q3106776,male,Q6581097,,
OL198800A,Q42037,male,Q6581097,,
OL1137730A,Q164775,male,Q6581097,,
OL555872A,Q309482,male,Q6581097,,
OL4822862A,Q376036,male,Q6581097,,
OL688432A,Q95347,male,Q6581097,,
OL3881146A,Q115037,female,Q6581072,,
OL342056A,Q234449,female,Q6581072,,
OL407662A,Q238678,female,Q6581072,,
OL1478844A,Q258753,female,Q6581072,,
OL23520A,Q311687,male,Q6581097,,
OL41190A,Q376016,male,Q6581097,,
OL145472A,Q707911,male,Q6581097,,
OL2600209A,Q3471051,male,Q6581097,,
OL447748A,Q132305,male,Q6581097,,
OL45117A,Q154335,male,Q6581097,,
OL3278524A,Q184750,male,Q6581097,,
OL391244A,Q1688989,female,Q6581072,,
OL73979A,Q1911599,male,Q6581097,,
OL313354A,Q2363654,male,Q6581097,,
OL35948A,Q17126275,male,Q6581097,,
OL141044A,Q44054,male,Q6581097,,
OL33042A,Q152824,female,Q6581072,,
OL35394A,Q309618,male,Q6581097,,
OL117497A,Q460061,male,Q6581097,,
OL418616A,Q664257,male,Q6581097,,
OL1016511A,Q2544162,male,Q6581097,,
OL784632A,Q3421157,male,Q6581097,,
OL981078A,Q4363211,male,Q6581097,,
OL1514293A,Q4804067,male,Q6581097,,
OL239819A,Q112443417,male,Q6581097,,
OL585077A,Q45963,male,Q6581097,,
OL20371A,Q163118,female,Q6581072,,
OL4423513A,Q1176790,male,Q6581097,,
OL1062436A,Q1677042,male,Q6581097,,
OL528037A,Q5235567,male,Q6581097,,
OL3163253A,Q7279300,female,Q6581072,,
OL1037517A,Q61616,male,Q6581097,,
OL890163A,Q272566,male,Q6581097,,
OL439708A,Q6121151,male,Q6581097,,
OL2573005A,Q10293951,male,Q6581097,,
OL273769A,Q47130141,male,Q6581097,,
OL2534063A,Q211731,male,Q6581097,,
OL491320A,Q504395,male,Q6581097,,
OL407779A,Q273205,female,Q6581072,,
OL440841A,Q558060,male,Q6581097,,
OL138161A,Q643778,male,Q6581097,,
OL255327A,Q826213,male,Q6581097,,
OL2159994A,Q1064751,male,Q6581097,,
OL7588558A,Q15507779,male,Q6581097,,
OL619383A,Q17652015,male,Q6581097,,
OL83856A,Q73657240,male,Q6581097,,
OL9388A,Q692,male,Q6581097,,
OL198567A,Q102321,male,Q6581097,,
OL4335921A,Q703369,male,Q6581097,,
OL283003A,Q1495558,male,Q6581097,,
OL2934812A,Q1684721,male,Q6581097,,
OL1637678A,Q15453236,male,Q6581097,,
OL38043A,Q55940071,male,Q6581097,,
OL18342A,Q5432,male,Q6581097,,
OL115685A,Q57280,male,Q6581097,,
OL554855A,Q165648,male,Q6581097,,
OL201614A,Q272877,male,Q6581097,,
OL325105A,Q2594792,male,Q6581097,,
OL2318127A,Q78279,male,Q6581097,,
OL248608A,Q433485,female,Q6581072,,
OL431510A,Q565472,male,Q6581097,,
OL446949A,Q950746,male,Q6581097,,
OL904277A,Q1528524,male,Q6581097,,
OL222808A,Q1702239,male,Q6581097,,
OL186681A,Q2504557,male,Q6581097,,
OL3170140A,Q104370625,female,Q6581072,,
OL92998A,Q158840,male,Q6581097,,
OL912616A,Q536669,male,Q6581097,,
OL256389A,Q2406301,male,Q6581097,,
OL7003213A,Q11768004,male,Q6581097,,
OL150318A,Q68586224,male,Q6581097,,
OL59590A,Q432782,male,Q6581097,,
OL142211A,Q1089074,male,Q6581097,,
OL202451A,Q1394562,male,Q6581097,,
OL243279A,Q47780,female,Q6581072,,
OL144227A,Q285654,male,Q6581097,,
OL2787833A,Q558288,male,Q6581097,,
OL1419994A,Q655398,male,Q6581097,,
OL130128A,Q3262035,male,Q6581097,,
OL328390A,Q3658850,female,Q6581072,,
OL81189A,Q105488482,male,Q6581097,,
OL711823A,Q112481311,male,Q6581097,,
OL49653A,Q5603,male,Q6581097,,
OL261388A,Q7531,female,Q6581072,,
OL44144A,Q41406,male,Q6581097,,
OL60534A,Q46739,male,Q6581097,,
OL151888A,Q102233,male,Q6581097,,
OL187486A,Q155158,male,Q6581097,,
OL68537A,Q229272,male,Q6581097,,
OL389999A,Q1119171,male,Q6581097,,
OL230723A,Q1329817,female,Q6581072,,
OL528829A,Q1372986,male,Q6581097,,
OL2077751A,Q1933136,male,Q6581097,,
OL1761447A,Q19997542,male,Q6581097,,
OL804176A,Q95193329,female,Q6581072,,
OL5758347A,Q112554664,male,Q6581097,,
OL77844A,Q129554,male,Q6581097,,
OL4893538A,Q307693,male,Q6581097,,
OL814503A,Q458734,female,Q6581072,,
OL222566A,Q5431220,female,Q6581072,,
OL407400A,Q7350103,male,Q6581097,,
OL32772A,Q504,male,Q6581097,,
OL51856A,Q156622,male,Q6581097,,
OL291574A,Q260617,female,Q6581072,,
OL447686A,Q448601,female,Q6581072,,
OL1476178A,Q5213253,male,Q6581097,,
OL22794A,Q6693988,female,Q6581072,,
OL545566A,Q112386404,male,Q6581097,,
OL199802A,Q160149,male,Q6581097,,
OL169516A,Q167429,male,Q6581097,,
OL50873A,Q168704,female,Q6581072,,
OL143386A,Q170076,male,Q6581097,,
OL3075854A,Q319196,male,Q6581097,,
OL585693A,Q5732845,male,Q6581097,,
OL86036A,Q39931,male,Q6581097,,
OL173465A,Q471451,male,Q6581097,,
OL193754A,Q984492,male,Q6581097,,
OL1128711A,Q3541643,male,Q6581097,,
OL1992956A,Q18922202,male,Q6581097,,
OL1979339A,Q113810271,male,Q6581097,,
OL4346031A,Q44272,male,Q6581097,,
OL425281A,Q117012,female,Q6581072,,
OL277238A,Q158255,male,Q6581097,,
OL6982472A,Q1331517,female,Q6581072,,
OL411387A,Q3701886,male,Q6581097,,
OL267097A,Q6775632,male,Q6581097,,
OL5640003A,Q95826786,male,Q6581097,,
OL16944A,Q448,male,Q6581097,,
OL4374354A,Q353869,male,Q6581097,,
OL5153927A,Q937846,male,Q6581097,,
OL61810A,Q2636406,male,Q6581097,,
OL8041075A,Q98460384,male,Q6581097,,
OL18330A,Q5580,male,Q6581097,,
OL303646A,Q44252,male,Q6581097,,
OL509461A,Q66897,male,Q6581097,,
OL28600A,Q533444,male,Q6581097,,
OL194164A,Q713743,male,Q6581097,,
OL1809269A,Q752987,male,Q6581097,,
OL1114439A,Q5125984,female,Q6581072,,
OL222734A,Q10305071,male,Q6581097,,
OL6982670A,Q97152266,female,Q6581072,,
OL1038967A,Q93284,male,Q6581097,,
OL3072849A,Q116738,male,Q6581097,,
OL341391A,Q1699460,male,Q6581097,,
OL2789871A,Q5259874,male,Q6581097,,
OL123505A,Q5312472,male,Q6581097,,
OL1424506A,Q6730288,female,Q6581072,,
OL10519964A,Q23765718,female,Q6581072,,
OL536230A,Q861756,male,Q6581097,,
OL228667A,Q952233,male,Q6581097,,
OL261547A,Q953717,male,Q6581097,,
OL590152A,Q5447170,male,Q6581097,,
OL720601A,Q58823926,male,Q6581097,,
OL5590139A,Q108618316,male,Q6581097,,
OL2937407A,Q170256,male,Q6581097,,
OL1743859A,Q215626,male,Q6581097,,
OL5328080A,Q243117,female,Q6581072,,
OL3292788A,Q467470,male,Q6581097,,
OL51943A,Q525387,male,Q6581097,,
OL32800A,Q680728,male,Q6581097,,
OL1880699A,Q723358,male,Q6581097,,
OL1723668A,Q15791560,male,Q6581097,,
OL183527A,Q113778759,female,Q6581072,,
OL980122A,Q51989,male,Q6581097,,
OL236375A,Q519021,male,Q6581097,,
OL21896A,Q561458,male,Q6581097,,
OL508649A,Q701952,male,Q6581097,,
OL591272A,Q16935142,male,Q6581097,,
OL3199910A,Q58180801,male,Q6581097,,
OL59209A,Q151679,male,Q6581097,,
OL4822663A,Q164712,male,Q6581097,,
OL834644A,Q459310,male,Q6581097,,
OL410247A,Q726169,male,Q6581097,,
OL7100607A,Q1703138,male,Q6581097,,
OL5161686A,Q3425861,male,Q6581097,,
OL3080104A,Q95936,male,Q6581097,,
OL264331A,Q159409,female,Q6581072,,
OL342333A,Q704012,male,Q6581097,,
OL464964A,Q3579718,male,Q6581097,,
OL2905292A,Q67031197,male,Q6581097,,
OL56750A,Q153739,male,Q6581097,,
OL591074A,Q316325,male,Q6581097,,
OL1939318A,Q3573978,male,Q6581097,,
OL1081535A,Q5233353,male,Q6581097,,
OL1109036A,Q6154537,female,Q6581072,,
OL443613A,Q7326038,male,Q6581097,,
OL1803449A,Q20278273,male,Q6581097,,
OL3433864A,Q59610805,female,Q6581072,,
OL61028A,Q57395,male,Q6581097,,
OL132602A,Q158062,male,Q6581097,,
OL66569A,Q187166,male,Q6581097,,
OL4336097A,Q354779,male,Q6581097,,
OL255343A,Q836743,male,Q6581097,,
OL3214047A,Q2077416,male,Q6581097,,
OL33462A,Q6708326,female,Q6581072,,
OL3026598A,Q7407437,male,Q6581097,,
OL5258875A,Q22277857,female,Q6581072,,
OL5426491A,Q47003867,female,Q6581072,,
OL929320A,Q113769162,male,Q6581097,,
OL28618A,Q46373,male,Q6581097,,
OL394089A,Q180727,male,Q6581097,,
OL394410A,Q259543,female,Q6581072,,
OL349909A,Q664268,male,Q6581097,,
OL244882A,Q2315504,male,Q6581097,,
OL474362A,Q7174115,male,Q6581097,,
OL5036860A,Q16616136,male,Q6581097,,
OL31265A,Q114405,male,Q6581097,,
OL2952835A,Q115700,male,Q6581097,,
OL487080A,Q151803,male,Q6581097,,
OL42261A,Q154349,male,Q6581097,,
OL26322A,Q201538,male,Q6581097,,
OL52891A,Q15428468,male,Q6581097,,
OL2124430A,Q214312,male,Q6581097,,
OL381243A,Q551377,male,Q6581097,,
OL194690A,Q607534,male,Q6581097,,
OL606095A,Q869919,male,Q6581097,,
OL912101A,Q2040046,male,Q6581097,,
OL2785671A,Q3106419,male,Q6581097,,
OL5227277A,Q3764612,male,Q6581097,,
OL2352347A,Q76456156,male,Q6581097,,
OL486805A,Q213727,male,Q6581097,,
OL638504A,Q267858,male,Q6581097,,
OL44383A,Q558054,male,Q6581097,,
OL506273A,Q567547,male,Q6581097,,
OL580375A,Q782366,male,Q6581097,,
OL1613546A,Q1507782,male,Q6581097,,
OL134701A,Q2527217,male,Q6581097,,
OL245247A,Q5656738,male,Q6581097,,
OL1304780A,Q8009728,male,Q6581097,,
OL1429533A,Q17184125,male,Q6581097,,
OL3417261A,Q56691875,female,Q6581072,,
OL268021A,Q45070,male,Q6581097,,
OL456156A,Q106087,male,Q6581097,,
OL1164953A,Q731430,male,Q6581097,,
OL114620A,Q833886,male,Q6581097,,
OL16945A,Q1249210,male,Q6581097,,
OL405620A,Q4503684,male,Q6581097,,
OL1771496A,Q4730556,male,Q6581097,,
OL1657448A,Q19258964,male,Q6581097,,
OL2215516A,Q28873078,male,Q6581097,,
OL832117A,Q114913679,female,Q6581072,,
OL47282A,Q164683,male,Q6581097,,
OL544502A,Q529094,female,Q6581072,,
OL432583A,Q599273,male,Q6581097,,
OL19129A,Q2926447,male,Q6581097,,
OL5580675A,Q4357361,male,Q6581097,,
OL3061702A,Q6290569,male,Q6581097,,
OL6845764A,Q17627715,male,Q6581097,,
OL256110A,Q117018,male,Q6581097,,
OL2623606A,Q129130,male,Q6581097,,
OL2974270A,Q556699,male,Q6581097,,
OL33292A,Q563549,male,Q6581097,,
OL1021296A,Q7944418,male,Q6581097,,
OL3103767A,Q16731789,male,Q6581097,,
OL53261A,Q363870,male,Q6581097,,
OL117858A,Q444893,male,Q6581097,,
OL139297A,Q1119207,male,Q6581097,,
OL269145A,Q2637678,male,Q6581097,,
OL339747A,Q3431662,male,Q6581097,,
OL228358A,Q6736888,female,Q6581072,,
OL4280271A,Q7367324,male,Q6581097,,
OL451960A,Q16864532,male,Q6581097,,
OL44855A,Q60040681,female,Q6581072,,
OL1478811A,Q115171733,male,Q6581097,,
OL782280A,Q492399,male,Q6581097,,
OL2645309A,Q712882,male,Q6581097,,
OL2358323A,Q3167670,male,Q6581097,,
OL396935A,Q4742274,female,Q6581072,,
OL3025767A,Q5239003,male,Q6581097,,
OL2180430A,Q75309353,male,Q6581097,,
OL428761A,Q115816,male,Q6581097,,
OL202690A,Q156736,male,Q6581097,,
OL270287A,Q3059616,male,Q6581097,,
OL216795A,Q4956068,male,Q6581097,,
OL1113813A,Q120412,male,Q6581097,,
OL371827A,Q463639,female,Q6581072,,
OL2315798A,Q464044,female,Q6581072,,
OL300789A,Q1238602,male,Q6581097,,
OL4474280A,Q2615587,male,Q6581097,,
OL77006A,Q3490415,female,Q6581072,,
OL709120A,Q6780617,female,Q6581072,,
OL287627A,Q11971878,female,Q6581072,,
OL7484160A,Q29452807,male,Q6581097,,
OL4326781A,Q78108,male,Q6581097,,
OL602797A,Q203401,male,Q6581097,,
OL3113071A,Q112413754,male,Q6581097,,
OL5413350A,Q98915500,male,Q6581097,,
OL8636829A,Q104008521,male,Q6581097,,
OL443402A,Q46408,female,Q6581072,,
OL259149A,Q317041,male,Q6581097,,
OL292267A,Q327293,male,Q6581097,,
OL4925516A,Q381937,male,Q6581097,,
OL4324160A,Q442213,male,Q6581097,,
OL327770A,Q1928794,male,Q6581097,,
OL1391095A,Q2617501,female,Q6581072,,
OL358913A,Q3159559,male,Q6581097,,
OL1482143A,Q4667117,male,Q6581097,,
OL237453A,Q5171153,female,Q6581072,,
OL5452640A,Q7668677,male,Q6581097,,
OL454028A,Q15443012,female,Q6581072,,
OL249679A,Q83578,male,Q6581097,,
OL3908475A,Q193257,male,Q6581097,,
OL2658897A,Q210798,male,Q6581097,,
OL4645879A,Q312631,male,Q6581097,,
OL103929A,Q560986,male,Q6581097,,
OL244858A,Q690790,male,Q6581097,,
OL3286369A,Q1221770,male,Q6581097,,
OL321867A,Q1366342,male,Q6581097,,
OL2249384A,Q3309744,male,Q6581097,,
OL125854A,Q52156785,male,Q6581097,,
OL140371A,Q79084,male,Q6581097,,
OL447711A,Q373948,female,Q6581072,,
OL274336A,Q442628,male,Q6581097,,
OL146299A,Q708028,male,Q6581097,,
OL515231A,Q2731236,female,Q6581072,,
OL5332880A,Q4008614,female,Q6581072,,
OL1127903A,Q4682105,female,Q6581072,,
OL833705A,Q5298570,female,Q6581072,,
OL2483811A,Q16149444,female,Q6581072,,
OL2840650A,Q24055555,male,Q6581097,,
OL2657433A,Q61682,male,Q6581097,,
OL136072A,Q78135,male,Q6581097,,
OL144106A,Q255662,male,Q6581097,,
OL4336039A,Q581763,male,Q6581097,,
OL3114509A,Q3165040,male,Q6581097,,
OL2272604A,Q5898437,male,Q6581097,,
OL6643389A,Q6530921,female,Q6581072,,
OL458412A,Q7422836,female,Q6581072,,
OL359248A,Q18202163,male,Q6581097,,
OL784828A,Q152793,male,Q6581097,,
OL52715A,Q213703,male,Q6581097,,
OL343238A,Q719614,male,Q6581097,,
OL1553272A,Q1555410,male,Q6581097,,
OL2664747A,Q2588448,male,Q6581097,,
OL149566A,Q113809,male,Q6581097,,
OL4901094A,Q567396,male,Q6581097,,
OL538504A,Q219368,non-binary,Q48270,,
OL46792A,Q454650,male,Q6581097,,
OL3026605A,Q16197269,female,Q6581072,,
OL27078A,Q105756,male,Q6581097,,
OL4279304A,Q160448,male,Q6581097,,
OL21001A,Q170509,male,Q6581097,,
OL196553A,Q434478,female,Q6581072,,
OL140741A,Q435810,male,Q6581097,,
OL289734A,Q556337,male,Q6581097,,
OL2939627A,Q1644838,male,Q6581097,,
OL4360482A,Q5489306,male,Q6581097,,
OL7226378A,Q16202911,female,Q6581072,,
OL5024298A,Q19997570,male,Q6581097,,
OL1801953A,Q111507748,male,Q6581097,,
OL27139A,Q104898,male,Q6581097,,
OL388317A,Q233806,female,Q6581072,,
OL22279A,Q434813,male,Q6581097,,
OL616565A,Q468453,male,Q6581097,,
OL1582023A,Q480473,male,Q6581097,,
OL450296A,Q593715,male,Q6581097,,
OL898059A,Q7456621,male,Q6581097,,
OL8969409A,Q100156,female,Q6581072,,
OL638361A,Q727329,male,Q6581097,,
OL2974681A,Q1077608,male,Q6581097,,
OL339727A,Q61594,female,Q6581072,,
OL282496A,Q157194,male,Q6581097,,
OL68327A,Q214564,male,Q6581097,,
OL139483A,Q216005,male,Q6581097,,
OL873686A,Q638179,male,Q6581097,,
OL657802A,Q7705078,female,Q6581072,,
OL26647A,Q61064,male,Q6581097,,
OL197126A,Q215614,male,Q6581097,,
OL408107A,Q231121,female,Q6581072,,
OL895900A,Q1147721,male,Q6581097,,
OL635685A,Q1603452,male,Q6581097,,
OL426240A,Q1870962,male,Q6581097,,
OL548755A,Q7447599,male,Q6581097,,
OL5474058A,Q9256118,male,Q6581097,,
OL583924A,Q41672149,female,Q6581072,,
OL123412A,Q26408,male,Q6581097,,
OL26769A,Q44306,male,Q6581097,,
OL454350A,Q48868,female,Q6581072,,
OL243683A,Q159907,male,Q6581097,,
OL27964A,Q180619,male,Q6581097,,
OL89989A,Q213642,male,Q6581097,,
OL319413A,Q272400,female,Q6581072,,
OL3197942A,Q1338563,male,Q6581097,,
OL6451509A,Q2460318,male,Q6581097,,
OL1800466A,Q7668677,male,Q6581097,,
OL8853887A,Q8201128,male,Q6581097,,
OL402129A,Q18030446,female,Q6581072,,
OL2787909A,Q19609832,male,Q6581097,,
OL77726A,Q69187,male,Q6581097,,
OL371016A,Q152797,male,Q6581097,,
OL4333664A,Q154691,male,Q6581097,,
OL2474953A,Q539270,female,Q6581072,,
OL246383A,Q296,male,Q6581097,,
OL276442A,Q34661,male,Q6581097,,
OL154090A,Q125633,female,Q6581072,,
OL693146A,Q462183,male,Q6581097,,
OL532062A,Q553259,male,Q6581097,,
OL113581A,Q614071,male,Q6581097,,
OL138006A,Q957215,male,Q6581097,,
OL79125A,Q55943006,male,Q6581097,,
OL3229449A,Q160115,male,Q6581097,,
OL412440A,Q170068,male,Q6581097,,
OL2223244A,Q471179,male,Q6581097,,
OL29877A,Q1189056,male,Q6581097,,
OL502771A,Q1223367,male,Q6581097,,
OL5757214A,Q3608526,male,Q6581097,,
OL3158240A,Q97288,female,Q6581072,,
OL42259A,Q152384,male,Q6581097,,
OL256137A,Q234370,female,Q6581072,,
OL458571A,Q468160,male,Q6581097,,
OL83309A,Q554008,male,Q6581097,,
OL64845A,Q1093350,male,Q6581097,,
OL392315A,Q1488149,female,Q6581072,,
OL120185A,Q16009572,male,Q6581097,,
OL2146210A,Q20902801,male,Q6581097,,
OL63868A,Q18809,male,Q6581097,,
OL127114A,Q82445,male,Q6581097,,
OL142323A,Q452254,male,Q6581097,,
OL872760A,Q926308,male,Q6581097,,
OL141695A,Q6567261,female,Q6581072,,
OL418151A,Q7375410,female,Q6581072,,
OL2385254A,Q18197627,male,Q6581097,,
OL250376A,Q5912,male,Q6581097,,
OL294806A,Q33981,male,Q6581097,,
OL1662224A,Q61071,male,Q6581097,,
OL128422A,Q123454,male,Q6581097,,
OL149019A,Q171730,male,Q6581097,,
OL50761A,Q203643,male,Q6581097,,
OL29442A,Q311005,male,Q6581097,,
OL3162435A,Q824930,male,Q6581097,,
OL582094A,Q959768,male,Q6581097,,
OL88710A,Q44007,male,Q6581097,,
OL290843A,Q167414,male,Q6581097,,
OL24981A,Q185832,male,Q6581097,,
OL425109A,Q229351,female,Q6581072,,
OL264384A,Q315348,male,Q6581097,,
OL435524A,Q472646,male,Q6581097,,
OL142969A,Q564128,male,Q6581097,,
OL387729A,Q976924,male,Q6581097,,
OL2821534A,Q6217974,male,Q6581097,,
OL3200301A,Q6981022,male,Q6581097,,
OL156928A,Q52156836,male,Q6581097,,
OL667261A,Q55680881,male,Q6581097,,
OL958283A,Q472785,male,Q6581097,,
OL321561A,Q1347871,male,Q6581097,,
OL319679A,Q45417,male,Q6581097,,
OL2787840A,Q240570,female,Q6581072,,
OL737713A,Q873279,male,Q6581097,,
OL723647A,Q1411990,male,Q6581097,,
OL503302A,Q1512040,male,Q6581097,,
OL89117A,Q1667711,male,Q6581097,,
OL1740576A,Q1685780,male,Q6581097,,
OL3145835A,Q6770038,male,Q6581097,,
OL357462A,Q10293206,male,Q6581097,,
OL416266A,Q43194396,male,Q6581097,,
OL18969A,Q131805,male,Q6581097,,
OL200376A,Q154538,male,Q6581097,,
OL245579A,Q666171,male,Q6581097,,
OL4645479A,Q713288,male,Q6581097,,
OL42411A,Q728088,male,Q6581097,,
OL1425196A,Q1190926,female,Q6581072,,
OL293829A,Q2592064,male,Q6581097,,
OL610203A,Q7324901,male,Q6581097,,
OL390712A,Q7649034,female,Q6581072,,
OL86572A,Q21140463,male,Q6581097,,
OL34818A,Q164358,male,Q6581097,,
OL45962A,Q661473,male,Q6581097,,
OL88303A,Q767435,male,Q6581097,,
OL1717898A,Q2172022,male,Q6581097,,
OL278840A,Q3932602,male,Q6581097,,
OL384108A,Q41774055,male,Q6581097,,
OL668131A,Q95309122,male,Q6581097,,
OL117429A,Q501,male,Q6581097,,
OL52690A,Q157321,male,Q6581097,,
OL4326313A,Q160783,male,Q6581097,,
OL1966702A,Q163366,male,Q6581097,,
OL986735A,Q374492,male,Q6581097,,
OL603322A,Q444399,male,Q6581097,,
OL494950A,Q3335558,female,Q6581072,,
OL68763A,Q176372,male,Q6581097,,
OL405075A,Q1282413,male,Q6581097,,
OL2187242A,Q1448994,male,Q6581097,,
OL183895A,Q3196701,male,Q6581097,,
OL123770A,Q5589,male,Q6581097,,
OL291650A,Q154842,male,Q6581097,,
OL199629A,Q440369,male,Q6581097,,
OL2800309A,Q951010,male,Q6581097,,
OL6835636A,Q20948745,female,Q6581072,,
OL199109A,Q101521,male,Q6581097,,
OL23065A,Q130631,male,Q6581097,,
OL4334052A,Q184226,male,Q6581097,,
OL116727A,Q187506,male,Q6581097,,
OL1209079A,Q813094,male,Q6581097,,
OL301376A,Q17351969,male,Q6581097,,
OL841052A,Q235066,female,Q6581072,,
OL22530A,Q2134968,female,Q6581072,,
OL1174187A,Q5536970,male,Q6581097,,
OL1078912A,Q5719275,male,Q6581097,,
OL1081248A,Q7147752,male,Q6581097,,
OL394510A,Q15233979,male,Q6581097,,
OL2621924A,Q188176,male,Q6581097,,
OL36119A,Q5582,male,Q6581097,,
OL1885269A,Q316531,male,Q6581097,,
OL224977A,Q469888,male,Q6581097,,
OL1040664A,Q567369,male,Q6581097,,
OL948282A,Q1890108,male,Q6581097,,
OL2335458A,Q3041259,male,Q6581097,,
OL2005830A,Q8002863,male,Q6581097,,
OL141446A,Q35153831,male,Q6581097,,
OL24919A,Q51137,male,Q6581097,,
OL2315686A,Q71253,male,Q6581097,,
OL598810A,Q103591,female,Q6581072,,
OL141668A,Q157271,male,Q6581097,,
OL136600A,Q157610,male,Q6581097,,
OL546567A,Q213597,male,Q6581097,,
OL227627A,Q236950,female,Q6581072,,
OL243302A,Q551899,male,Q6581097,,
OL70672A,Q1898786,male,Q6581097,,
OL241270A,Q3938659,male,Q6581097,,
OL3505577A,Q112413649,male,Q6581097,,
OL31676A,Q9049,male,Q6581097,,
OL496129A,Q123138,male,Q6581097,,
OL739406A,Q657402,male,Q6581097,,
OL38949A,Q1333928,male,Q6581097,,
OL792244A,Q2725996,male,Q6581097,,
OL1681205A,Q3305396,male,Q6581097,,
OL1438069A,Q5108329,male,Q6581097,,
OL1654395A,Q43138641,male,Q6581097,,
OL240192A,Q215999,male,Q6581097,,
OL759619A,Q220703,male,Q6581097,,
OL1252987A,Q363823,male,Q6581097,,
OL94896A,Q722119,male,Q6581097,,
OL349913A,Q1125077,male,Q6581097,,
OL460722A,Q5702331,female,Q6581072,,
OL5776832A,Q8022548,male,Q6581097,,
OL1137678A,Q11901855,male,Q6581097,,
OL223657A,Q16926160,female,Q6581072,,
OL1575630A,Q21483286,male,Q6581097,,
OL131900A,Q274646,male,Q6581097,,
OL2749789A,Q458734,female,Q6581072,,
OL190136A,Q520713,male,Q6581097,,
OL18092A,Q660917,male,Q6581097,,
OL1043555A,Q982549,male,Q6581097,,
OL485510A,Q1691342,male,Q6581097,,
OL316758A,Q3161167,male,Q6581097,,
OL711651A,Q119509307,female,Q6581072,,
OL398060A,Q107194,male,Q6581097,,
OL123727A,Q152176,male,Q6581097,,
OL102871A,Q379589,male,Q6581097,,
OL491896A,Q453808,female,Q6581072,,
OL286521A,Q2086752,male,Q6581097,,
OL540629A,Q2955951,male,Q6581097,,
OL186368A,Q5888405,male,Q6581097,,
OL1303879A,Q57588,male,Q6581097,,
OL917803A,Q737882,male,Q6581097,,
OL676094A,Q936534,male,Q6581097,,
OL3019758A,Q1604450,male,Q6581097,,
OL2832381A,Q76799760,female,Q6581072,,
OL21804A,Q82840,male,Q6581097,,
OL65073A,Q156128,male,Q6581097,,
OL39037A,Q292268,female,Q6581072,,
OL850910A,Q453839,male,Q6581097,,
OL284746A,Q947519,male,Q6581097,,
OL8113422A,Q30215950,male,Q6581097,,
OL50298A,Q447300,female,Q6581072,,
OL548434A,Q683378,male,Q6581097,,
OL7531A,Q684978,male,Q6581097,,
OL657342A,Q5621226,male,Q6581097,,
OL6562593A,Q6199963,male,Q6581097,,
OL76230A,Q122238,male,Q6581097,,
OL85937A,Q134741,male,Q6581097,,
OL197930A,Q215461,male,Q6581097,,
OL678965A,Q325900,male,Q6581097,,
OL135648A,Q708504,male,Q6581097,,
OL381816A,Q2850177,female,Q6581072,,
OL457252A,Q4118422,male,Q6581097,,
OL81885A,Q6255094,male,Q6581097,,
OL480054A,Q61939381,male,Q6581097,,
OL831520A,Q112130492,male,Q6581097,,
OL481036A,Q2808,male,Q6581097,,
OL488684A,Q44032,male,Q6581097,,
OL192759A,Q250293,male,Q6581097,,
OL216130A,Q711666,male,Q6581097,,
OL482166A,Q2575649,female,Q6581072,,
OL22565A,Q95236641,male,Q6581097,,
OL328068A,Q78620,male,Q6581097,,
OL63875A,Q569003,male,Q6581097,,
OL744207A,Q738892,male,Q6581097,,
OL687184A,Q1093530,male,Q6581097,,
OL1884344A,Q1442595,male,Q6581097,,
OL337974A,Q3219155,male,Q6581097,,
OL576600A,Q19958845,male,Q6581097,,
OL3170255A,Q123682793,male,Q6581097,,
OL1139474A,Q69574,male,Q6581097,,
OL4279975A,Q161955,male,Q6581097,,
OL124248A,Q169984,male,Q6581097,,
OL145594A,Q218951,male,Q6581097,,
OL1327083A,Q365388,male,Q6581097,,
OL1173892A,Q380426,male,Q6581097,,
OL661285A,Q1971576,male,Q6581097,,
OL2941598A,Q1979892,male,Q6581097,,
OL1008324A,Q17899364,female,Q6581072,,
OL125573A,Q234109,female,Q6581072,,
OL1712809A,Q274339,female,Q6581072,,
OL4358532A,Q485635,male,Q6581097,,
OL136156A,Q1874460,male,Q6581097,,
OL1512380A,Q8012010,male,Q6581097,,
OL579784A,Q62260,male,Q6581097,,
OL22304A,Q212632,male,Q6581097,,
OL780952A,Q335087,male,Q6581097,,
OL29417A,Q368831,male,Q6581097,,
OL82823A,Q941810,male,Q6581097,,
OL257793A,Q2382294,male,Q6581097,,
OL86650A,Q2709641,male,Q6581097,,
OL2662674A,Q6776586,male,Q6581097,,
OL49253A,Q305106,male,Q6581097,,
OL4357282A,Q328341,male,Q6581097,,
OL473742A,Q462662,male,Q6581097,,
OL186952A,Q526470,male,Q6581097,,
OL25549A,Q611828,male,Q6581097,,
OL1867365A,Q6136905,male,Q6581097,,
OL371857A,Q158056,male,Q6581097,,
OL271597A,Q171128,male,Q6581097,,
OL544833A,Q299662,female,Q6581072,,
OL990950A,Q381950,male,Q6581097,,
OL545360A,Q440316,female,Q6581072,,
OL917203A,Q933765,male,Q6581097,,
OL6872037A,Q3171767,male,Q6581097,,
OL839355A,Q5416144,female,Q6581072,,
OL1866282A,Q7962743,male,Q6581097,,
OL6456137A,Q20982235,male,Q6581097,,
OL66693A,Q76844,male,Q6581097,,
OL417673A,Q86826,female,Q6581072,,
OL602734A,Q215457,female,Q6581072,,
OL1885785A,Q689388,male,Q6581097,,
OL923630A,Q893716,male,Q6581097,,
OL86095A,Q2829942,male,Q6581097,,
OL22466A,Q6135694,male,Q6581097,,
OL69560A,Q156890,male,Q6581097,,
OL126919A,Q371258,male,Q6581097,,
OL1388077A,Q1367133,male,Q6581097,,
OL8017429A,Q2150248,male,Q6581097,,
OL398133A,Q5524587,male,Q6581097,,
OL243592A,Q6415540,male,Q6581097,,
OL430990A,Q9013225,male,Q6581097,,
OL6869315A,Q58011421,male,Q6581097,,
OL2497038A,Q94351592,male,Q6581097,,
OL28634A,Q5577,male,Q6581097,,
OL74113A,Q89629,male,Q6581097,,
OL480133A,Q146691,male,Q6581097,,
OL3570923A,Q235615,female,Q6581072,,
OL630124A,Q1335335,male,Q6581097,,
OL395861A,Q2579054,male,Q6581097,,
OL208253A,Q3972910,female,Q6581072,,
OL269284A,Q10444417,female,Q6581072,,
OL58437A,Q14633979,male,Q6581097,,
OL2481663A,Q109859330,male,Q6581097,,
OL32469A,Q55282,male,Q6581097,,
OL533062A,Q719676,male,Q6581097,,
OL64854A,Q3932647,male,Q6581097,,
OL962947A,Q5400843,male,Q6581097,,
OL838057A,Q13511793,male,Q6581097,,
OL18154A,Q16861637,male,Q6581097,,
OL638735A,Q94511646,female,Q6581072,,
OL44790A,Q5593,male,Q6581097,,
OL2226119A,Q98779,male,Q6581097,,
OL117618A,Q123143,male,Q6581097,,
OL2686646A,Q137115,female,Q6581072,,
OL5110462A,Q223955,male,Q6581097,,
OL2822822A,Q382604,male,Q6581097,,
OL114591A,Q535334,male,Q6581097,,
OL140292A,Q544531,male,Q6581097,,
OL137680A,Q780102,male,Q6581097,,
OL870682A,Q1378325,male,Q6581097,,
OL131742A,Q1460571,male,Q6581097,,
OL242297A,Q2479548,male,Q6581097,,
OL902088A,Q93435860,female,Q6581072,,
OL170291A,Q6682,male,Q6581097,,
OL5788289A,Q135092,male,Q6581097,,
OL280137A,Q142472,female,Q6581072,,
OL119598A,Q733197,male,Q6581097,,
OL776174A,Q1452504,male,Q6581097,,
OL181580A,Q2273489,male,Q6581097,,
OL764220A,Q15429431,female,Q6581072,,
OL683009A,Q275610,female,Q6581072,,
OL673205A,Q360286,male,Q6581097,,
OL2488247A,Q2594943,male,Q6581097,,
OL516712A,Q19758008,male,Q6581097,,
OL816759A,Q25591768,male,Q6581097,,
OL67165A,Q112419177,male,Q6581097,,
OL349206A,Q116054,female,Q6581072,,
OL143034A,Q152788,male,Q6581097,,
OL218757A,Q173223,female,Q6581072,,
OL504260A,Q292463,female,Q6581072,,
OL118738A,Q508392,male,Q6581097,,
OL261011A,Q1288359,male,Q6581097,,
OL190659A,Q1684960,male,Q6581097,,
OL5106102A,Q3186520,male,Q6581097,,
OL114552A,Q5545926,male,Q6581097,,
OL718823A,Q16976087,female,Q6581072,,
OL136335A,Q57240,male,Q6581097,,
OL608916A,Q235275,female,Q6581072,,
OL2900491A,Q666092,male,Q6581097,,
OL509465A,Q923306,male,Q6581097,,
OL432558A,Q2326080,male,Q6581097,,
OL7148659A,Q6964618,female,Q6581072,,
OL2973554A,Q7162582,female,Q6581072,,
OL196295A,Q53546961,male,Q6581097,,
OL115236A,Q547470,male,Q6581097,,
OL82841A,Q1338051,female,Q6581072,,
OL3198065A,Q1712053,male,Q6581097,,
OL5631454A,Q4757073,male,Q6581097,,
OL3881340A,Q15446557,male,Q6581097,,
OL65145A,Q33477,male,Q6581097,,
OL26460A,Q158060,male,Q6581097,,
OL2934820A,Q365691,male,Q6581097,,
OL896798A,Q537002,male,Q6581097,,
OL177918A,Q724692,male,Q6581097,,
OL1961116A,Q3136788,male,Q6581097,,
OL42910A,Q7184819,male,Q6581097,,
OL6618205A,Q7317403,male,Q6581097,,
OL61814A,Q35548,male,Q6581097,,
OL71303A,Q157183,male,Q6581097,,
OL1010503A,Q160422,male,Q6581097,,
OL96984A,Q241248,male,Q6581097,,
OL3146732A,Q969268,female,Q6581072,,
OL274587A,Q1386933,male,Q6581097,,
OL1625358A,Q2524056,male,Q6581097,,
OL1058007A,Q3571991,male,Q6581097,,
OL1257683A,Q19997499,male,Q6581097,,
OL8180696A,Q50137387,female,Q6581072,,
OL515138A,Q214106,male,Q6581097,,
OL773255A,Q374504,male,Q6581097,,
OL1052180A,Q380038,male,Q6581097,,
OL1776606A,Q466258,male,Q6581097,,
OL71330A,Q1512606,male,Q6581097,,
OL393029A,Q3264909,trans woman,Q1052281,,
OL58950A,Q37693,male,Q6581097,,
OL907130A,Q92437,female,Q6581072,,
OL199905A,Q381277,male,Q6581097,,
OL927558A,Q466187,male,Q6581097,,
OL134278A,Q638877,male,Q6581097,,
OL433020A,Q706041,male,Q6581097,,
OL3089876A,Q1663439,female,Q6581072,,
OL175977A,Q3048295,male,Q6581097,,
OL164593A,Q3262058,male,Q6581097,,
OL2673918A,Q4730459,male,Q6581097,,
OL394463A,Q5494953,male,Q6581097,,
OL2351563A,Q5497046,male,Q6581097,,
OL67746A,Q8003,male,Q6581097,,
OL596408A,Q66282,male,Q6581097,,
OL143143A,Q66832,male,Q6581097,,
OL501972A,Q106265,male,Q6581097,,
OL128455A,Q164712,male,Q6581097,,
OL28409A,Q182589,male,Q6581097,,
OL4441955A,Q267691,female,Q6581072,,
OL196157A,Q312392,male,Q6581097,,
OL78017A,Q1789294,female,Q6581072,,
OL4288434A,Q11519051,male,Q6581097,,
OL1316991A,Q47667,male,Q6581097,,
OL61328A,Q78003,male,Q6581097,,
OL715420A,Q5364859,female,Q6581072,,
OL220957A,Q15488270,male,Q6581097,,
OL242802A,Q41622269,male,Q6581097,,
OL187996A,Q112493131,female,Q6581072,,
OL92987A,Q151097,male,Q6581097,,
OL341236A,Q292115,female,Q6581072,,
OL895408A,Q2714574,male,Q6581097,,
OL955816A,Q6757146,female,Q6581072,,
OL32146A,Q19957709,female,Q6581072,,
OL458970A,Q37571,male,Q6581097,,
OL44434A,Q740966,male,Q6581097,,
OL466744A,Q1575665,female,Q6581072,,
OL288510A,Q2349570,male,Q6581097,,
OL4655680A,Q3542969,male,Q6581097,,
OL1322678A,Q110089318,male,Q6581097,,
OL388024A,Q61981,male,Q6581097,,
OL116036A,Q101349,male,Q6581097,,
OL485763A,Q161143,male,Q6581097,,
OL122872A,Q215922,male,Q6581097,,
OL256249A,Q355566,male,Q6581097,,
OL1196299A,Q460186,female,Q6581072,,
OL337302A,Q650151,male,Q6581097,,
OL2833319A,Q4861350,male,Q6581097,,
OL343266A,Q94279311,male,Q6581097,,
OL47713A,Q67629,male,Q6581097,,
OL38432A,Q507014,male,Q6581097,,
OL490863A,Q699326,male,Q6581097,,
OL136102A,Q778445,male,Q6581097,,
OL817536A,Q3290532,male,Q6581097,,
OL1393296A,Q5055993,female,Q6581072,,
OL458960A,Q5139737,female,Q6581072,,
OL3165550A,Q26350656,male,Q6581097,,
OL9111648A,Q63092956,female,Q6581072,,
OL362113A,Q381728,male,Q6581097,,
OL1190030A,Q442213,male,Q6581097,,
OL185182A,Q704588,male,Q6581097,,
OL2764337A,Q1151352,male,Q6581097,,
OL4382731A,Q1368416,male,Q6581097,,
OL326940A,Q1397876,male,Q6581097,,
OL561225A,Q1610622,male,Q6581097,,
OL8919863A,Q3519205,male,Q6581097,,
OL2440063A,Q4766433,female,Q6581072,,
OL190543A,Q7121567,male,Q6581097,,
OL37701A,Q30755,male,Q6581097,,
OL673325A,Q76483,male,Q6581097,,
OL43588A,Q78885,male,Q6581097,,
OL402789A,Q140201,male,Q6581097,,
OL132814A,Q463065,male,Q6581097,,
OL124939A,Q1252116,male,Q6581097,,
OL29766A,Q1715499,male,Q6581097,,
OL1285341A,Q2033706,male,Q6581097,,
OL199223A,Q3776378,male,Q6581097,,
OL419063A,Q5588,female,Q6581072,,
OL250484A,Q153104,male,Q6581097,,
OL153985A,Q154083,male,Q6581097,,
OL459727A,Q453883,male,Q6581097,,
OL217637A,Q494287,male,Q6581097,,
OL270064A,Q2568682,male,Q6581097,,
OL427772A,Q3766950,male,Q6581097,,
OL592803A,Q5248410,female,Q6581072,,
OL3146971A,Q6536296,female,Q6581072,,
OL72360A,Q163938,male,Q6581097,,
OL92736A,Q213393,male,Q6581097,,
OL7472474A,Q324865,male,Q6581097,,
OL408536A,Q870701,male,Q6581097,,
OL139788A,Q5984289,male,Q6581097,,
OL225916A,Q7356889,male,Q6581097,,
OL5559455A,Q12406811,male,Q6581097,,
OL127619A,Q103424,male,Q6581097,,
OL217129A,Q275012,female,Q6581072,,
OL201131A,Q692100,male,Q6581097,,
OL480433A,Q872641,male,Q6581097,,
OL443121A,Q1811222,male,Q6581097,,
OL281617A,Q64354,female,Q6581072,,
OL998562A,Q101465,male,Q6581097,,
OL216204A,Q2562474,male,Q6581097,,
OL2820233A,Q2900288,female,Q6581072,,
