OLKey,WikidataID,AuthorGender,genderID,AuthorBirthDate,AuthorDeathDate
OL127193A,Q133855,male,Q6581097,1880-08-26T00:00:00Z,1918-11-09T00:00:00Z
OL59742A,Q463664,male,Q6581097,1959-02-25T00:00:00Z,
OL982536A,Q695239,male,Q6581097,1898-09-12T00:00:00Z,1969-03-14T00:00:00Z
OL1108979A,Q708502,male,Q6581097,1862-09-26T00:00:00Z,1928-10-24T00:00:00Z
OL131172A,Q965990,male,Q6581097,1897-07-09T00:00:00Z,1986-01-15T00:00:00Z
OL499685A,Q1281597,male,Q6581097,1922-04-22T00:00:00Z,1993-03-30T00:00:00Z
OL966076A,Q1870053,male,Q6581097,1928-03-27T00:00:00Z,2018-03-11T00:00:00Z
OL346414A,Q17636443,female,Q6581072,1960-01-01T00:00:00Z,
OL27962A,Q4724,male,Q6581097,1887-10-06T00:00:00Z,1965-08-27T00:00:00Z
OL1010519A,Q116216,male,Q6581097,1888-06-05T00:00:00Z,1965-10-03T00:00:00Z
OL37061A,Q335189,male,Q6581097,1937-07-25T00:00:00Z,2024-11-24T00:00:00Z
OL1888857A,Q551624,male,Q6581097,1606-05-12T00:00:00Z,1688-10-14T00:00:00Z
OL353860A,Q703660,male,Q6581097,1931-02-23T00:00:00Z,2004-12-17T00:00:00Z
OL421012A,Q1745240,male,Q6581097,1939-10-14T00:00:00Z,
OL420587A,Q7000070,male,Q6581097,1945-03-09T00:00:00Z,
OL89151A,Q47496,female,Q6581072,1946-11-30T00:00:00Z,
OL261495A,Q62992,male,Q6581097,1849-12-22T00:00:00Z,1938-01-08T00:00:00Z
OL599267A,Q471764,male,Q6581097,1889-04-15T00:00:00Z,1975-01-19T00:00:00Z
OL346683A,Q528511,male,Q6581097,1930-09-22T00:00:00Z,1998-07-22T00:00:00Z
OL145649A,Q1584571,male,Q6581097,1903-06-24T00:00:00Z,1989-11-05T00:00:00Z
OL535427A,Q16123467,female,Q6581072,1949-07-19T00:00:00Z,
OL450991A,Q16501099,male,Q6581097,1951-10-04T00:00:00Z,2014-04-10T00:00:00Z
OL1519467A,Q56702406,male,Q6581097,1972-08-10T00:00:00Z,
OL45499A,Q7836,male,Q6581097,1898-11-21T00:00:00Z,1967-08-15T00:00:00Z
OL135147A,Q62249,male,Q6581097,1878-10-11T00:00:00Z,1955-04-03T00:00:00Z
OL120831A,Q88130,male,Q6581097,1896-06-29T00:00:00Z,1964-11-16T00:00:00Z
OL33973A,Q168587,male,Q6581097,1928-09-09T00:00:00Z,2007-04-08T00:00:00Z
OL251079A,Q472756,male,Q6581097,1933-07-13T00:00:00Z,1963-02-06T00:00:00Z
OL294068A,Q644630,male,Q6581097,1902-06-11T00:00:00Z,1968-04-08T00:00:00Z
OL4327004A,Q649822,male,Q6581097,1910-08-19T00:00:00Z,1996-12-16T00:00:00Z
OL1962756A,Q709461,male,Q6581097,1880-08-02T00:00:00Z,1946-11-23T00:00:00Z
OL2360263A,Q1307719,male,Q6581097,1908-11-28T00:00:00Z,1999-12-08T00:00:00Z
OL49537A,Q2426702,male,Q6581097,1952-05-08T00:00:00Z,
OL434230A,Q111018,male,Q6581097,1926-11-22T00:00:00Z,1989-12-30T00:00:00Z
OL1013261A,Q318048,male,Q6581097,1906-08-07T00:00:00Z,1998-11-25T00:00:00Z
OL47573A,Q328106,male,Q6581097,1965-07-09T00:00:00Z,2006-08-06T00:00:00Z
OL27396A,Q918620,male,Q6581097,1926-05-21T00:00:00Z,2005-03-30T00:00:00Z
OL5300764A,Q1525577,male,Q6581097,1478-01-01T00:00:00Z,1558-08-15T00:00:00Z
OL597448A,Q2078922,male,Q6581097,1944-01-01T00:00:00Z,2021-11-26T00:00:00Z
OL2263038A,Q5126620,male,Q6581097,1883-03-16T00:00:00Z,1952-10-20T00:00:00Z
OL592626A,Q15488004,male,Q6581097,1904-07-19T00:00:00Z,2001-11-27T00:00:00Z
OL685705A,Q22954803,male,Q6581097,1958-01-01T00:00:00Z,
OL117592A,Q9364,male,Q6581097,1905-06-21T00:00:00Z,1980-04-15T00:00:00Z
OL79039A,Q43444,male,Q6581097,1821-12-12T00:00:00Z,1880-05-08T00:00:00Z
OL2266704A,Q118062,male,Q6581097,1725-06-25T00:00:00Z,1795-11-23T00:00:00Z
OL1179547A,Q151836,male,Q6581097,1928-12-15T00:00:00Z,2000-02-19T00:00:00Z
OL66035A,Q182847,male,Q6581097,1929-07-27T00:00:00Z,2007-03-06T00:00:00Z
OL65312A,Q313055,male,Q6581097,1864-01-01T00:00:00Z,1946-07-13T00:00:00Z
OL598532A,Q531806,male,Q6581097,1881-08-22T00:00:00Z,1963-06-16T00:00:00Z
OL126235A,Q2037162,male,Q6581097,1914-06-24T00:00:00Z,1983-01-10T00:00:00Z
OL1435776A,Q3275728,male,Q6581097,1956-08-24T00:00:00Z,
OL24119A,Q6370124,female,Q6581072,1940-12-06T00:00:00Z,
OL2553381A,Q7493560,male,Q6581097,1886-06-29T00:00:00Z,1980-10-10T00:00:00Z
OL1758897A,Q52156821,male,Q6581097,1894-01-01T00:00:00Z,1983-07-20T00:00:00Z
OL7310635A,Q90902576,female,Q6581072,1975-01-01T00:00:00Z,
OL4327105A,Q153965,male,Q6581097,1921-05-12T00:00:00Z,1986-01-23T00:00:00Z
OL245438A,Q154594,male,Q6581097,1922-12-08T00:00:00Z,2011-07-20T00:00:00Z
OL18814A,Q311132,male,Q6581097,1928-01-24T00:00:00Z,
OL1252450A,Q381031,male,Q6581097,1917-04-22T00:00:00Z,1992-11-27T00:00:00Z
OL274075A,Q765758,male,Q6581097,1924-10-31T00:00:00Z,2003-06-16T00:00:00Z
OL1931508A,Q5760733,male,Q6581097,1898-07-16T00:00:00Z,1966-01-19T00:00:00Z
OL936157A,Q18935041,male,Q6581097,1909-01-01T00:00:00Z,1987-01-01T00:00:00Z
OL2832237A,Q95902368,male,Q6581097,1976-01-01T00:00:00Z,
OL28175A,Q154260,male,Q6581097,1886-03-01T00:00:00Z,1980-02-22T00:00:00Z
OL991091A,Q381937,male,Q6581097,1886-04-15T00:00:00Z,1966-05-04T00:00:00Z
OL406827A,Q5240627,male,Q6581097,1924-05-17T00:00:00Z,2017-10-27T00:00:00Z
OL283265A,Q154448,male,Q6581097,1906-04-09T00:00:00Z,1997-03-15T00:00:00Z
OL22645A,Q465292,female,Q6581072,1930-02-25T00:00:00Z,2018-12-26T00:00:00Z
OL450339A,Q721633,male,Q6581097,1906-10-04T00:00:00Z,2001-12-29T00:00:00Z
OL74410A,Q1394112,male,Q6581097,1957-07-03T00:00:00Z,
OL1448812A,Q2560842,male,Q6581097,1966-01-01T00:00:00Z,
OL430905A,Q3060262,female,Q6581072,1918-05-17T00:00:00Z,2012-04-04T00:00:00Z
OL2407399A,Q3106776,male,Q6581097,1774-08-07T00:00:00Z,1826-09-10T00:00:00Z
OL198800A,Q42037,male,Q6581097,1940-04-13T00:00:00Z,
OL1137730A,Q164775,male,Q6581097,1938-01-23T00:00:00Z,
OL555872A,Q309482,male,Q6581097,1890-08-05T00:00:00Z,1977-08-23T00:00:00Z
OL4822862A,Q376036,male,Q6581097,1846-09-09T00:00:00Z,1875-02-26T00:00:00Z
OL688432A,Q95347,male,Q6581097,1834-11-10T00:00:00Z,1919-09-04T00:00:00Z
OL3881146A,Q115037,female,Q6581072,1952-05-17T00:00:00Z,
OL342056A,Q234449,female,Q6581072,1931-04-24T00:00:00Z,
OL407662A,Q238678,female,Q6581072,1883-04-12T00:00:00Z,1976-06-23T00:00:00Z
OL1478844A,Q258753,female,Q6581072,1948-01-01T00:00:00Z,
OL23520A,Q311687,male,Q6581097,1942-04-22T00:00:00Z,
OL41190A,Q376016,male,Q6581097,1942-08-01T00:00:00Z,
OL145472A,Q707911,male,Q6581097,1889-01-22T00:00:00Z,1955-08-31T00:00:00Z
OL2600209A,Q3471051,male,Q6581097,1837-02-13T00:00:00Z,1914-07-19T00:00:00Z
OL447748A,Q132305,male,Q6581097,1904-04-24T00:00:00Z,1997-03-19T00:00:00Z
OL45117A,Q154335,male,Q6581097,1928-04-28T00:00:00Z,1962-06-06T00:00:00Z
OL3278524A,Q184750,male,Q6581097,1949-03-21T00:00:00Z,
OL391244A,Q1688989,female,Q6581072,1929-05-17T00:00:00Z,2010-09-18T00:00:00Z
OL73979A,Q1911599,male,Q6581097,1927-09-18T00:00:00Z,2020-07-24T00:00:00Z
OL313354A,Q2363654,male,Q6581097,1946-01-01T00:00:00Z,
OL35948A,Q17126275,male,Q6581097,1957-01-01T00:00:00Z,
OL141044A,Q44054,male,Q6581097,1880-02-08T00:00:00Z,1916-03-04T00:00:00Z
OL33042A,Q152824,female,Q6581072,1933-01-16T00:00:00Z,2004-12-28T00:00:00Z
OL35394A,Q309618,male,Q6581097,1890-07-20T00:00:00Z,1964-06-18T00:00:00Z
OL117497A,Q460061,male,Q6581097,1893-12-04T00:00:00Z,1968-06-12T00:00:00Z
OL418616A,Q664257,male,Q6581097,1919-08-09T00:00:00Z,2006-10-25T00:00:00Z
OL1016511A,Q2544162,male,Q6581097,1894-01-21T00:00:00Z,1953-12-09T00:00:00Z
OL784632A,Q3421157,male,Q6581097,1891-04-13T00:00:00Z,1970-01-31T00:00:00Z
OL981078A,Q4363211,male,Q6581097,1903-12-13T00:00:00Z,1992-06-28T00:00:00Z
OL1514293A,Q4804067,male,Q6581097,1962-02-16T00:00:00Z,
OL239819A,Q112443417,male,Q6581097,1959-01-01T00:00:00Z,
OL585077A,Q45963,male,Q6581097,1942-07-30T00:00:00Z,
OL20371A,Q163118,female,Q6581072,1903-06-08T00:00:00Z,1987-12-17T00:00:00Z
OL4423513A,Q1176790,male,Q6581097,1924-09-21T00:00:00Z,2001-06-19T00:00:00Z
OL1062436A,Q1677042,male,Q6581097,1945-09-27T00:00:00Z,2003-03-14T00:00:00Z
OL528037A,Q5235567,male,Q6581097,1952-01-01T00:00:00Z,
OL3163253A,Q7279300,female,Q6581072,1968-01-01T00:00:00Z,
OL1037517A,Q61616,male,Q6581097,1904-01-29T00:00:00Z,1976-01-30T00:00:00Z
OL890163A,Q272566,male,Q6581097,1872-08-21T00:00:00Z,1898-03-16T00:00:00Z
OL439708A,Q6121151,male,Q6581097,1850-01-01T00:00:00Z,1880-01-01T00:00:00Z
OL2573005A,Q10293951,male,Q6581097,1905-03-01T00:00:00Z,1987-03-01T00:00:00Z
OL273769A,Q47130141,male,Q6581097,1941-01-01T00:00:00Z,2009-01-01T00:00:00Z
OL2534063A,Q211731,male,Q6581097,1920-10-22T00:00:00Z,1996-05-31T00:00:00Z
OL491320A,Q504395,male,Q6581097,1933-04-01T00:00:00Z,1996-11-29T00:00:00Z
OL407779A,Q273205,female,Q6581072,1965-01-01T00:00:00Z,
OL440841A,Q558060,male,Q6581097,1903-06-15T00:00:00Z,1966-03-12T00:00:00Z
OL138161A,Q643778,male,Q6581097,1885-05-12T00:00:00Z,1961-08-13T00:00:00Z
OL255327A,Q826213,male,Q6581097,1968-05-23T00:00:00Z,
OL2159994A,Q1064751,male,Q6581097,1942-02-11T00:00:00Z,2009-08-06T00:00:00Z
OL7588558A,Q15507779,male,Q6581097,1978-12-27T00:00:00Z,
OL619383A,Q17652015,male,Q6581097,1915-03-28T00:00:00Z,1994-01-24T00:00:00Z
OL83856A,Q73657240,male,Q6581097,1937-03-16T00:00:00Z,
OL9388A,Q692,male,Q6581097,1564-04-01T00:00:00Z,1616-05-03T00:00:00Z
OL198567A,Q102321,male,Q6581097,1935-06-03T00:00:00Z,
OL4335921A,Q703369,male,Q6581097,1860-05-31T00:00:00Z,1942-01-22T00:00:00Z
OL283003A,Q1495558,male,Q6581097,1910-08-13T00:00:00Z,1964-11-07T00:00:00Z
OL2934812A,Q1684721,male,Q6581097,1939-01-14T00:00:00Z,2015-09-13T00:00:00Z
OL1637678A,Q15453236,male,Q6581097,1907-02-01T00:00:00Z,1985-07-19T00:00:00Z
OL38043A,Q55940071,male,Q6581097,1935-04-02T00:00:00Z,2022-05-11T00:00:00Z
OL18342A,Q5432,male,Q6581097,1746-03-30T00:00:00Z,1828-04-16T00:00:00Z
OL115685A,Q57280,male,Q6581097,1717-12-09T00:00:00Z,1768-06-08T00:00:00Z
OL554855A,Q165648,male,Q6581097,1904-04-15T00:00:00Z,1948-07-21T00:00:00Z
OL201614A,Q272877,male,Q6581097,1932-04-19T00:00:00Z,2023-09-15T00:00:00Z
OL325105A,Q2594792,male,Q6581097,1944-03-23T00:00:00Z,
OL2318127A,Q78279,male,Q6581097,1850-01-01T00:00:00Z,1938-03-25T00:00:00Z
OL248608A,Q433485,female,Q6581072,1963-12-02T00:00:00Z,
OL431510A,Q565472,male,Q6581097,1943-06-02T00:00:00Z,1977-02-17T00:00:00Z
OL446949A,Q950746,male,Q6581097,1932-08-06T00:00:00Z,2017-03-09T00:00:00Z
OL904277A,Q1528524,male,Q6581097,1889-08-27T00:00:00Z,1952-07-14T00:00:00Z
OL222808A,Q1702239,male,Q6581097,1950-06-05T00:00:00Z,
OL186681A,Q2504557,male,Q6581097,1939-01-03T00:00:00Z,
OL3170140A,Q104370625,female,Q6581072,1971-01-01T00:00:00Z,
OL92998A,Q158840,male,Q6581097,1860-04-13T00:00:00Z,1949-11-19T00:00:00Z
OL912616A,Q536669,male,Q6581097,1849-10-05T00:00:00Z,1919-03-06T00:00:00Z
OL256389A,Q2406301,male,Q6581097,1942-01-01T00:00:00Z,
OL7003213A,Q11768004,male,Q6581097,1943-04-19T00:00:00Z,
OL150318A,Q68586224,male,Q6581097,1918-01-20T00:00:00Z,2023-06-29T00:00:00Z
OL59590A,Q432782,male,Q6581097,1934-03-24T00:00:00Z,
OL142211A,Q1089074,male,Q6581097,1921-08-12T00:00:00Z,1998-10-05T00:00:00Z
OL202451A,Q1394562,male,Q6581097,1926-01-17T00:00:00Z,1972-08-14T00:00:00Z
OL243279A,Q47780,female,Q6581072,1950-10-31T00:00:00Z,2016-03-31T00:00:00Z
OL144227A,Q285654,male,Q6581097,1919-07-11T00:00:00Z,1977-09-28T00:00:00Z
OL2787833A,Q558288,male,Q6581097,1959-08-22T00:00:00Z,
OL1419994A,Q655398,male,Q6581097,1960-09-21T00:00:00Z,
OL130128A,Q3262035,male,Q6581097,1876-12-11T00:00:00Z,1943-07-01T00:00:00Z
OL328390A,Q3658850,female,Q6581072,1931-03-06T00:00:00Z,1982-08-02T00:00:00Z
OL81189A,Q105488482,male,Q6581097,1953-01-01T00:00:00Z,
OL711823A,Q112481311,male,Q6581097,1959-01-01T00:00:00Z,
OL49653A,Q5603,male,Q6581097,1928-08-06T00:00:00Z,1987-02-22T00:00:00Z
OL261388A,Q7531,female,Q6581072,1899-09-23T00:00:00Z,1988-04-17T00:00:00Z
OL44144A,Q41406,male,Q6581097,1863-12-12T00:00:00Z,1944-01-23T00:00:00Z
OL60534A,Q46739,male,Q6581097,1914-03-31T00:00:00Z,1998-04-19T00:00:00Z
OL151888A,Q102233,male,Q6581097,1880-12-15T00:00:00Z,1945-03-17T00:00:00Z
OL187486A,Q155158,male,Q6581097,1887-06-20T00:00:00Z,1948-01-08T00:00:00Z
OL68537A,Q229272,male,Q6581097,1880-05-06T00:00:00Z,1938-06-15T00:00:00Z
OL389999A,Q1119171,male,Q6581097,1949-07-15T00:00:00Z,2024-01-17T00:00:00Z
OL230723A,Q1329817,female,Q6581072,1958-04-23T00:00:00Z,
OL528829A,Q1372986,male,Q6581097,1898-05-21T00:00:00Z,1976-03-27T00:00:00Z
OL2077751A,Q1933136,male,Q6581097,1946-03-10T00:00:00Z,2022-10-25T00:00:00Z
OL1761447A,Q19997542,male,Q6581097,1906-01-01T00:00:00Z,1979-01-01T00:00:00Z
OL804176A,Q95193329,female,Q6581072,1896-01-01T00:00:00Z,1979-01-01T00:00:00Z
OL5758347A,Q112554664,male,Q6581097,1977-01-01T00:00:00Z,
OL77844A,Q129554,male,Q6581097,1960-10-11T00:00:00Z,
OL4893538A,Q307693,male,Q6581097,1928-12-28T00:00:00Z,1976-11-09T00:00:00Z
OL814503A,Q458734,female,Q6581072,1942-06-06T00:00:00Z,2009-01-10T00:00:00Z
OL222566A,Q5431220,female,Q6581072,1930-10-08T00:00:00Z,2024-04-13T00:00:00Z
OL407400A,Q7350103,male,Q6581097,1949-12-28T00:00:00Z,
OL32772A,Q504,male,Q6581097,1840-04-02T00:00:00Z,1902-09-29T00:00:00Z
OL51856A,Q156622,male,Q6581097,1888-07-10T00:00:00Z,1978-11-20T00:00:00Z
OL291574A,Q260617,female,Q6581072,1953-08-03T00:00:00Z,
OL447686A,Q448601,female,Q6581072,1943-03-09T00:00:00Z,
OL1476178A,Q5213253,male,Q6581097,1971-05-09T00:00:00Z,
OL22794A,Q6693988,female,Q6581072,1949-01-01T00:00:00Z,
OL545566A,Q112386404,male,Q6581097,1943-01-01T00:00:00Z,
OL199802A,Q160149,male,Q6581097,1903-09-25T00:00:00Z,1970-02-25T00:00:00Z
OL169516A,Q167429,male,Q6581097,1924-08-24T00:00:00Z,2005-01-29T00:00:00Z
OL50873A,Q168704,female,Q6581072,1930-10-29T00:00:00Z,2002-05-21T00:00:00Z
OL143386A,Q170076,male,Q6581097,1901-07-31T00:00:00Z,1985-05-12T00:00:00Z
OL3075854A,Q319196,male,Q6581097,1972-09-06T00:00:00Z,
OL585693A,Q5732845,male,Q6581097,1938-11-01T00:00:00Z,
OL86036A,Q39931,male,Q6581097,1841-02-25T00:00:00Z,1919-12-17T00:00:00Z
OL173465A,Q471451,male,Q6581097,1876-11-24T00:00:00Z,1940-09-13T00:00:00Z
OL193754A,Q984492,male,Q6581097,1912-08-04T00:00:00Z,2013-12-06T00:00:00Z
OL1128711A,Q3541643,male,Q6581097,1932-06-22T00:00:00Z,
OL1992956A,Q18922202,male,Q6581097,1887-03-07T00:00:00Z,1975-04-19T00:00:00Z
OL1979339A,Q113810271,male,Q6581097,1941-01-01T00:00:00Z,1969-01-01T00:00:00Z
OL4346031A,Q44272,male,Q6581097,1926-10-15T00:00:00Z,1984-06-25T00:00:00Z
OL425281A,Q117012,female,Q6581072,1933-02-18T00:00:00Z,
OL277238A,Q158255,male,Q6581097,1871-07-17T00:00:00Z,1956-07-31T00:00:00Z
OL6982472A,Q1331517,female,Q6581072,1965-01-01T00:00:00Z,
OL411387A,Q3701886,male,Q6581097,1959-07-07T00:00:00Z,
OL267097A,Q6775632,male,Q6581097,1945-01-01T00:00:00Z,
OL5640003A,Q95826786,male,Q6581097,1971-05-29T00:00:00Z,
OL16944A,Q448,male,Q6581097,1713-10-05T00:00:00Z,1784-07-31T00:00:00Z
OL4374354A,Q353869,male,Q6581097,1931-04-07T00:00:00Z,1989-07-23T00:00:00Z
OL5153927A,Q937846,male,Q6581097,1840-03-09T00:00:00Z,1909-07-01T00:00:00Z
OL61810A,Q2636406,male,Q6581097,1944-01-10T00:00:00Z,
OL8041075A,Q98460384,male,Q6581097,1970-01-01T00:00:00Z,
OL18330A,Q5580,male,Q6581097,1471-05-30T00:00:00Z,1528-04-16T00:00:00Z
OL303646A,Q44252,male,Q6581097,1857-02-18T00:00:00Z,1920-07-05T00:00:00Z
OL509461A,Q66897,male,Q6581097,1887-08-18T00:00:00Z,1973-09-16T00:00:00Z
OL28600A,Q533444,male,Q6581097,1904-09-23T00:00:00Z,1996-03-03T00:00:00Z
OL194164A,Q713743,male,Q6581097,1898-02-06T00:00:00Z,1971-03-05T00:00:00Z
OL1809269A,Q752987,male,Q6581097,1892-02-15T00:00:00Z,1965-11-02T00:00:00Z
OL1114439A,Q5125984,female,Q6581072,1834-08-28T00:00:00Z,1916-02-29T00:00:00Z
OL222734A,Q10305071,male,Q6581097,1955-10-13T00:00:00Z,
OL6982670A,Q97152266,female,Q6581072,1967-12-27T00:00:00Z,
OL1038967A,Q93284,male,Q6581097,1887-07-06T00:00:00Z,1985-03-28T00:00:00Z
OL3072849A,Q116738,male,Q6581097,1968-05-24T00:00:00Z,
OL341391A,Q1699460,male,Q6581097,1932-09-23T00:00:00Z,2012-02-02T00:00:00Z
OL2789871A,Q5259874,male,Q6581097,1917-10-24T00:00:00Z,1984-07-06T00:00:00Z
OL123505A,Q5312472,male,Q6581097,1859-03-10T00:00:00Z,1948-12-02T00:00:00Z
OL1424506A,Q6730288,female,Q6581072,1973-03-12T00:00:00Z,
OL10519964A,Q23765718,female,Q6581072,1977-01-01T00:00:00Z,
OL536230A,Q861756,male,Q6581097,1871-08-02T00:00:00Z,1951-09-08T00:00:00Z
OL228667A,Q952233,male,Q6581097,1954-09-14T00:00:00Z,1992-07-22T00:00:00Z
OL261547A,Q953717,male,Q6581097,1943-06-22T00:00:00Z,1978-08-27T00:00:00Z
OL590152A,Q5447170,male,Q6581097,1930-08-02T00:00:00Z,2002-01-05T00:00:00Z
OL720601A,Q58823926,male,Q6581097,1942-01-01T00:00:00Z,
OL5590139A,Q108618316,male,Q6581097,1903-01-25T00:00:00Z,1980-03-21T00:00:00Z
OL2937407A,Q170256,male,Q6581097,1921-07-29T00:00:00Z,2012-07-29T00:00:00Z
OL1743859A,Q215626,male,Q6581097,1892-03-16T00:00:00Z,1963-06-11T00:00:00Z
OL5328080A,Q243117,female,Q6581072,1890-05-31T00:00:00Z,1967-09-27T00:00:00Z
OL3292788A,Q467470,male,Q6581097,1940-06-10T00:00:00Z,
OL51943A,Q525387,male,Q6581097,1898-05-01T00:00:00Z,1971-04-15T00:00:00Z
OL32800A,Q680728,male,Q6581097,1951-12-28T00:00:00Z,
OL1880699A,Q723358,male,Q6581097,1917-09-11T00:00:00Z,2001-10-23T00:00:00Z
OL1723668A,Q15791560,male,Q6581097,1890-01-10T00:00:00Z,1964-04-01T00:00:00Z
OL183527A,Q113778759,female,Q6581072,1953-01-01T00:00:00Z,
OL980122A,Q51989,male,Q6581097,1764-05-20T00:00:00Z,1850-01-27T00:00:00Z
OL236375A,Q519021,male,Q6581097,1955-10-25T00:00:00Z,
OL21896A,Q561458,male,Q6581097,1950-09-16T00:00:00Z,
OL508649A,Q701952,male,Q6581097,1913-06-27T00:00:00Z,1980-06-07T00:00:00Z
OL591272A,Q16935142,male,Q6581097,1952-06-19T00:00:00Z,
OL3199910A,Q58180801,male,Q6581097,1972-01-01T00:00:00Z,
OL59209A,Q151679,male,Q6581097,1923-10-27T00:00:00Z,1997-09-15T00:00:00Z
OL4822663A,Q164712,male,Q6581097,1897-09-23T00:00:00Z,1994-07-20T00:00:00Z
OL834644A,Q459310,male,Q6581097,1951-06-15T00:00:00Z,
OL410247A,Q726169,male,Q6581097,1906-03-09T00:00:00Z,1965-05-23T00:00:00Z
OL7100607A,Q1703138,male,Q6581097,1958-01-01T00:00:00Z,
OL5161686A,Q3425861,male,Q6581097,1866-01-01T00:00:00Z,1911-07-19T00:00:00Z
OL3080104A,Q95936,male,Q6581097,1965-01-01T00:00:00Z,
OL264331A,Q159409,female,Q6581072,1911-12-25T00:00:00Z,2010-05-31T00:00:00Z
OL342333A,Q704012,male,Q6581097,1968-08-16T00:00:00Z,
OL464964A,Q3579718,male,Q6581097,1910-07-09T00:00:00Z,1968-01-18T00:00:00Z
OL2905292A,Q67031197,male,Q6581097,1950-01-01T00:00:00Z,
OL56750A,Q153739,male,Q6581097,1886-09-16T00:00:00Z,1966-06-07T00:00:00Z
OL591074A,Q316325,male,Q6581097,1917-07-12T00:00:00Z,2009-01-16T00:00:00Z
OL1939318A,Q3573978,male,Q6581097,1876-01-16T00:00:00Z,1943-04-01T00:00:00Z
OL1081535A,Q5233353,male,Q6581097,1943-01-01T00:00:00Z,
OL1109036A,Q6154537,female,Q6581072,1942-11-02T00:00:00Z,2020-10-26T00:00:00Z
OL443613A,Q7326038,male,Q6581097,1951-06-04T00:00:00Z,
OL1803449A,Q20278273,male,Q6581097,1899-12-10T00:00:00Z,1966-04-15T00:00:00Z
OL3433864A,Q59610805,female,Q6581072,1975-01-24T00:00:00Z,
OL61028A,Q57395,male,Q6581097,1920-10-31T00:00:00Z,2004-01-23T00:00:00Z
OL132602A,Q158062,male,Q6581097,1847-07-20T00:00:00Z,1935-02-08T00:00:00Z
OL66569A,Q187166,male,Q6581097,1896-09-04T00:00:00Z,1948-03-04T00:00:00Z
OL4336097A,Q354779,male,Q6581097,1880-11-10T00:00:00Z,1959-08-19T00:00:00Z
OL255343A,Q836743,male,Q6581097,1941-07-12T00:00:00Z,
OL3214047A,Q2077416,male,Q6581097,1955-07-16T00:00:00Z,
OL33462A,Q6708326,female,Q6581072,1941-05-17T00:00:00Z,2024-02-24T00:00:00Z
OL3026598A,Q7407437,male,Q6581097,1961-01-01T00:00:00Z,
OL5258875A,Q22277857,female,Q6581072,1955-01-01T00:00:00Z,
OL5426491A,Q47003867,female,Q6581072,1977-01-01T00:00:00Z,
OL929320A,Q113769162,male,Q6581097,1954-01-01T00:00:00Z,
OL28618A,Q46373,male,Q6581097,1834-07-19T00:00:00Z,1917-09-27T00:00:00Z
OL394089A,Q180727,male,Q6581097,1912-10-05T00:00:00Z,1992-08-12T00:00:00Z
OL394410A,Q259543,female,Q6581072,1955-02-19T00:00:00Z,
OL349909A,Q664268,male,Q6581097,1911-12-05T00:00:00Z,1993-08-01T00:00:00Z
OL244882A,Q2315504,male,Q6581097,1952-02-13T00:00:00Z,
OL474362A,Q7174115,male,Q6581097,1947-08-31T00:00:00Z,1990-04-28T00:00:00Z
OL5036860A,Q16616136,male,Q6581097,1971-10-15T00:00:00Z,
OL31265A,Q114405,male,Q6581097,1882-06-21T00:00:00Z,1971-03-13T00:00:00Z
OL2952835A,Q115700,male,Q6581097,1957-05-16T00:00:00Z,
OL487080A,Q151803,male,Q6581097,1872-03-07T00:00:00Z,1944-02-01T00:00:00Z
OL42261A,Q154349,male,Q6581097,1840-04-20T00:00:00Z,1916-07-06T00:00:00Z
OL26322A,Q201538,male,Q6581097,1935-11-01T00:00:00Z,2003-09-25T00:00:00Z
OL52891A,Q15428468,male,Q6581097,1931-02-23T00:00:00Z,2018-07-25T00:00:00Z
OL2124430A,Q214312,male,Q6581097,1926-04-10T00:00:00Z,2017-03-01T00:00:00Z
OL381243A,Q551377,male,Q6581097,1945-01-01T00:00:00Z,2022-05-22T00:00:00Z
OL194690A,Q607534,male,Q6581097,1949-05-03T00:00:00Z,
OL606095A,Q869919,male,Q6581097,1918-02-08T00:00:00Z,1964-08-31T00:00:00Z
OL912101A,Q2040046,male,Q6581097,1892-12-25T00:00:00Z,1973-09-12T00:00:00Z
OL2785671A,Q3106419,male,Q6581097,1933-11-06T00:00:00Z,2005-08-03T00:00:00Z
OL5227277A,Q3764612,male,Q6581097,1888-10-26T00:00:00Z,1975-01-11T00:00:00Z
OL2352347A,Q76456156,male,Q6581097,1864-01-01T00:00:00Z,1945-01-01T00:00:00Z
OL486805A,Q213727,male,Q6581097,1884-04-18T00:00:00Z,1966-05-14T00:00:00Z
OL638504A,Q267858,male,Q6581097,1875-03-27T00:00:00Z,1947-06-14T00:00:00Z
OL44383A,Q558054,male,Q6581097,1877-04-10T00:00:00Z,1959-08-20T00:00:00Z
OL506273A,Q567547,male,Q6581097,1925-10-28T00:00:00Z,2006-03-27T00:00:00Z
OL580375A,Q782366,male,Q6581097,1922-02-27T00:00:00Z,1977-03-13T00:00:00Z
OL1613546A,Q1507782,male,Q6581097,1934-01-01T00:00:00Z,2005-06-27T00:00:00Z
OL134701A,Q2527217,male,Q6581097,1885-04-25T00:00:00Z,1961-08-15T00:00:00Z
OL245247A,Q5656738,male,Q6581097,1939-07-13T00:00:00Z,2013-03-02T00:00:00Z
OL1304780A,Q8009728,male,Q6581097,1900-07-05T00:00:00Z,1980-05-24T00:00:00Z
OL1429533A,Q17184125,male,Q6581097,1958-01-01T00:00:00Z,
OL3417261A,Q56691875,female,Q6581072,1956-07-28T00:00:00Z,
OL268021A,Q45070,male,Q6581097,1960-10-24T00:00:00Z,2010-08-21T00:00:00Z
OL456156A,Q106087,male,Q6581097,1935-03-21T00:00:00Z,1986-03-08T00:00:00Z
OL1164953A,Q731430,male,Q6581097,1859-01-14T00:00:00Z,1925-05-12T00:00:00Z
OL114620A,Q833886,male,Q6581097,1750-02-15T00:00:00Z,1824-04-23T00:00:00Z
OL16945A,Q1249210,male,Q6581097,1822-05-26T00:00:00Z,1896-07-16T00:00:00Z
OL405620A,Q4503684,male,Q6581097,1942-08-01T00:00:00Z,
OL1771496A,Q4730556,male,Q6581097,1930-06-16T00:00:00Z,1998-12-17T00:00:00Z
OL1657448A,Q19258964,male,Q6581097,1911-03-31T00:00:00Z,1979-07-14T00:00:00Z
OL2215516A,Q28873078,male,Q6581097,1931-01-01T00:00:00Z,2005-03-03T00:00:00Z
OL832117A,Q114913679,female,Q6581072,1941-02-16T00:00:00Z,2023-06-13T00:00:00Z
OL47282A,Q164683,male,Q6581097,1884-02-27T00:00:00Z,1950-12-27T00:00:00Z
OL544502A,Q529094,female,Q6581072,1951-06-09T00:00:00Z,
OL432583A,Q599273,male,Q6581097,1962-11-30T00:00:00Z,
OL19129A,Q2926447,male,Q6581097,1959-10-25T00:00:00Z,
OL5580675A,Q4357361,male,Q6581097,1889-07-19T00:00:00Z,1946-12-29T00:00:00Z
OL3061702A,Q6290569,male,Q6581097,1966-01-01T00:00:00Z,
OL6845764A,Q17627715,male,Q6581097,1974-06-01T00:00:00Z,
OL256110A,Q117018,male,Q6581097,1893-01-10T00:00:00Z,1948-01-02T00:00:00Z
OL2623606A,Q129130,male,Q6581097,1951-12-28T00:00:00Z,
OL2974270A,Q556699,male,Q6581097,1952-01-01T00:00:00Z,
OL33292A,Q563549,male,Q6581097,1933-02-27T00:00:00Z,
OL1021296A,Q7944418,male,Q6581097,1919-03-20T00:00:00Z,1971-07-09T00:00:00Z
OL3103767A,Q16731789,male,Q6581097,1973-01-01T00:00:00Z,
OL53261A,Q363870,male,Q6581097,1924-06-24T00:00:00Z,2020-02-14T00:00:00Z
OL117858A,Q444893,male,Q6581097,1888-07-03T00:00:00Z,1963-01-13T00:00:00Z
OL139297A,Q1119207,male,Q6581097,1913-05-20T00:00:00Z,1992-04-07T00:00:00Z
OL269145A,Q2637678,male,Q6581097,1952-09-28T00:00:00Z,
OL339747A,Q3431662,male,Q6581097,1900-12-10T00:00:00Z,1964-05-09T00:00:00Z
OL228358A,Q6736888,female,Q6581072,1949-01-01T00:00:00Z,
OL4280271A,Q7367324,male,Q6581097,1883-03-23T00:00:00Z,1959-12-21T00:00:00Z
OL451960A,Q16864532,male,Q6581097,1929-02-03T00:00:00Z,1995-04-26T00:00:00Z
OL44855A,Q60040681,female,Q6581072,1953-10-16T00:00:00Z,
OL1478811A,Q115171733,male,Q6581097,2000-01-01T00:00:00Z,
OL782280A,Q492399,male,Q6581097,1899-02-12T00:00:00Z,1986-03-06T00:00:00Z
OL2645309A,Q712882,male,Q6581097,1948-07-12T00:00:00Z,2024-09-15T00:00:00Z
OL2358323A,Q3167670,male,Q6581097,1903-06-21T00:00:00Z,1970-09-18T00:00:00Z
OL396935A,Q4742274,female,Q6581072,1961-07-14T00:00:00Z,
OL3025767A,Q5239003,male,Q6581097,1950-01-01T00:00:00Z,
OL2180430A,Q75309353,male,Q6581097,1913-12-27T00:00:00Z,1978-10-13T00:00:00Z
OL428761A,Q115816,male,Q6581097,1933-06-11T00:00:00Z,2005-02-18T00:00:00Z
OL202690A,Q156736,male,Q6581097,1924-01-10T00:00:00Z,2002-08-19T00:00:00Z
OL270287A,Q3059616,male,Q6581097,1912-11-28T00:00:00Z,2001-10-24T00:00:00Z
OL216795A,Q4956068,male,Q6581097,1938-07-05T00:00:00Z,
OL1113813A,Q120412,male,Q6581097,1884-06-12T00:00:00Z,1966-11-09T00:00:00Z
OL371827A,Q463639,female,Q6581072,1948-11-18T00:00:00Z,1985-09-08T00:00:00Z
OL2315798A,Q464044,female,Q6581072,1877-09-10T00:00:00Z,1952-03-29T00:00:00Z
OL300789A,Q1238602,male,Q6581097,1947-05-17T00:00:00Z,
OL4474280A,Q2615587,male,Q6581097,1811-05-02T00:00:00Z,1899-05-17T00:00:00Z
OL77006A,Q3490415,female,Q6581072,1949-01-01T00:00:00Z,
OL709120A,Q6780617,female,Q6581072,1788-03-18T00:00:00Z,1864-01-13T00:00:00Z
OL287627A,Q11971878,female,Q6581072,1934-12-29T00:00:00Z,
OL7484160A,Q29452807,male,Q6581097,1979-06-16T00:00:00Z,
OL4326781A,Q78108,male,Q6581097,1867-06-10T00:00:00Z,1935-06-05T00:00:00Z
OL602797A,Q203401,male,Q6581097,1882-07-22T00:00:00Z,1967-05-15T00:00:00Z
OL3113071A,Q112413754,male,Q6581097,1953-01-01T00:00:00Z,
OL5413350A,Q98915500,male,Q6581097,1896-01-01T00:00:00Z,1970-01-01T00:00:00Z
OL8636829A,Q104008521,male,Q6581097,1961-01-01T00:00:00Z,
OL443402A,Q46408,female,Q6581072,1887-11-15T00:00:00Z,1986-03-06T00:00:00Z
OL259149A,Q317041,male,Q6581097,1874-10-16T00:00:00Z,1930-09-24T00:00:00Z
OL292267A,Q327293,male,Q6581097,1954-03-12T00:00:00Z,
OL4925516A,Q381937,male,Q6581097,1886-04-15T00:00:00Z,1966-05-04T00:00:00Z
OL4324160A,Q442213,male,Q6581097,1907-11-23T00:00:00Z,1973-03-26T00:00:00Z
OL327770A,Q1928794,male,Q6581097,1894-09-09T00:00:00Z,1967-01-31T00:00:00Z
OL1391095A,Q2617501,female,Q6581072,1955-07-05T00:00:00Z,
OL358913A,Q3159559,male,Q6581097,1923-06-13T00:00:00Z,1993-12-12T00:00:00Z
OL1482143A,Q4667117,male,Q6581097,1957-07-08T00:00:00Z,
OL237453A,Q5171153,female,Q6581072,1963-02-01T00:00:00Z,
OL5452640A,Q7668677,male,Q6581097,1898-08-31T00:00:00Z,1974-04-14T00:00:00Z
OL454028A,Q15443012,female,Q6581072,1951-01-01T00:00:00Z,
OL249679A,Q83578,male,Q6581097,1914-03-03T00:00:00Z,1973-05-01T00:00:00Z
OL3908475A,Q193257,male,Q6581097,1924-08-10T00:00:00Z,1998-04-21T00:00:00Z
OL2658897A,Q210798,male,Q6581097,1848-02-05T00:00:00Z,1907-05-12T00:00:00Z
OL4645879A,Q312631,male,Q6581097,1891-12-05T00:00:00Z,1956-12-03T00:00:00Z
OL103929A,Q560986,male,Q6581097,1949-02-04T00:00:00Z,
OL244858A,Q690790,male,Q6581097,1899-08-26T00:00:00Z,1990-06-24T00:00:00Z
OL3286369A,Q1221770,male,Q6581097,1971-01-01T00:00:00Z,
OL321867A,Q1366342,male,Q6581097,1928-06-05T00:00:00Z,2005-03-24T00:00:00Z
OL2249384A,Q3309744,male,Q6581097,1883-11-03T00:00:00Z,1985-03-31T00:00:00Z
OL125854A,Q52156785,male,Q6581097,1893-01-01T00:00:00Z,1975-03-15T00:00:00Z
OL140371A,Q79084,male,Q6581097,1896-01-18T00:00:00Z,1984-07-09T00:00:00Z
OL447711A,Q373948,female,Q6581072,1948-09-20T00:00:00Z,
OL274336A,Q442628,male,Q6581097,1904-11-17T00:00:00Z,1988-12-30T00:00:00Z
OL146299A,Q708028,male,Q6581097,1907-10-24T00:00:00Z,1998-09-30T00:00:00Z
OL515231A,Q2731236,female,Q6581072,1926-08-24T00:00:00Z,2009-10-18T00:00:00Z
OL5332880A,Q4008614,female,Q6581072,1964-04-30T00:00:00Z,
OL1127903A,Q4682105,female,Q6581072,1896-01-01T00:00:00Z,1986-07-24T00:00:00Z
OL833705A,Q5298570,female,Q6581072,1905-03-28T00:00:00Z,1997-04-12T00:00:00Z
OL2483811A,Q16149444,female,Q6581072,1955-01-01T00:00:00Z,
OL2840650A,Q24055555,male,Q6581097,1960-09-11T00:00:00Z,
OL2657433A,Q61682,male,Q6581097,1902-01-30T00:00:00Z,1983-08-18T00:00:00Z
OL136072A,Q78135,male,Q6581097,1927-02-26T00:00:00Z,2011-12-11T00:00:00Z
OL144106A,Q255662,male,Q6581097,1886-10-19T00:00:00Z,1966-06-18T00:00:00Z
OL4336039A,Q581763,male,Q6581097,1903-08-24T00:00:00Z,1980-02-17T00:00:00Z
OL3114509A,Q3165040,male,Q6581097,1941-08-03T00:00:00Z,
OL2272604A,Q5898437,male,Q6581097,1870-01-01T00:00:00Z,1926-12-16T00:00:00Z
OL6643389A,Q6530921,female,Q6581072,1983-01-01T00:00:00Z,
OL458412A,Q7422836,female,Q6581072,1965-01-01T00:00:00Z,
OL359248A,Q18202163,male,Q6581097,1940-01-01T00:00:00Z,
OL784828A,Q152793,male,Q6581097,1921-04-25T00:00:00Z,2006-05-03T00:00:00Z
OL52715A,Q213703,male,Q6581097,1902-03-13T00:00:00Z,1975-02-24T00:00:00Z
OL343238A,Q719614,male,Q6581097,1852-10-23T00:00:00Z,1931-07-11T00:00:00Z
OL1553272A,Q1555410,male,Q6581097,1879-08-11T00:00:00Z,1923-10-27T00:00:00Z
OL2664747A,Q2588448,male,Q6581097,1934-07-13T00:00:00Z,2015-09-09T00:00:00Z
OL149566A,Q113809,male,Q6581097,1862-03-07T00:00:00Z,1941-01-02T00:00:00Z
OL4901094A,Q567396,male,Q6581097,1953-06-16T00:00:00Z,2001-08-28T00:00:00Z
OL538504A,Q219368,non-binary,Q48270,1956-02-24T00:00:00Z,
OL46792A,Q454650,male,Q6581097,1929-11-14T00:00:00Z,1995-08-31T00:00:00Z
OL3026605A,Q16197269,female,Q6581072,1967-01-01T00:00:00Z,
OL27078A,Q105756,male,Q6581097,1932-03-18T00:00:00Z,2009-01-27T00:00:00Z
OL4279304A,Q160448,male,Q6581097,1895-07-20T00:00:00Z,1946-11-24T00:00:00Z
OL21001A,Q170509,male,Q6581097,1843-04-15T00:00:00Z,1916-02-28T00:00:00Z
OL196553A,Q434478,female,Q6581072,1931-01-30T00:00:00Z,2017-10-29T00:00:00Z
OL140741A,Q435810,male,Q6581097,1891-11-18T00:00:00Z,1979-09-16T00:00:00Z
OL289734A,Q556337,male,Q6581097,1940-12-16T00:00:00Z,1994-04-24T00:00:00Z
OL2939627A,Q1644838,male,Q6581097,1974-01-01T00:00:00Z,
OL4360482A,Q5489306,male,Q6581097,1876-02-17T00:00:00Z,1937-04-18T00:00:00Z
OL7226378A,Q16202911,female,Q6581072,1974-10-15T00:00:00Z,
OL5024298A,Q19997570,male,Q6581097,1911-07-03T00:00:00Z,1998-02-06T00:00:00Z
OL1801953A,Q111507748,male,Q6581097,1940-01-01T00:00:00Z,
OL27139A,Q104898,male,Q6581097,1935-06-01T00:00:00Z,
OL388317A,Q233806,female,Q6581072,1898-08-26T00:00:00Z,1979-12-23T00:00:00Z
OL22279A,Q434813,male,Q6581097,1909-01-16T00:00:00Z,1994-05-07T00:00:00Z
OL616565A,Q468453,male,Q6581097,1892-07-01T00:00:00Z,1966-01-06T00:00:00Z
OL1582023A,Q480473,male,Q6581097,1897-10-24T00:00:00Z,1984-04-08T00:00:00Z
OL450296A,Q593715,male,Q6581097,1912-09-04T00:00:00Z,1999-11-19T00:00:00Z
OL898059A,Q7456621,male,Q6581097,1958-01-01T00:00:00Z,
OL8969409A,Q100156,female,Q6581072,1870-01-01T00:00:00Z,1944-01-01T00:00:00Z
OL638361A,Q727329,male,Q6581097,1907-05-17T00:00:00Z,1982-11-11T00:00:00Z
OL2974681A,Q1077608,male,Q6581097,1968-10-10T00:00:00Z,
OL339727A,Q61594,female,Q6581072,1913-10-06T00:00:00Z,1985-11-15T00:00:00Z
OL282496A,Q157194,male,Q6581097,1901-10-10T00:00:00Z,1966-01-11T00:00:00Z
OL68327A,Q214564,male,Q6581097,1853-03-14T00:00:00Z,1918-05-19T00:00:00Z
OL139483A,Q216005,male,Q6581097,1904-01-03T00:00:00Z,1993-12-22T00:00:00Z
OL873686A,Q638179,male,Q6581097,1957-06-18T00:00:00Z,
OL657802A,Q7705078,female,Q6581072,1955-09-08T00:00:00Z,
OL26647A,Q61064,male,Q6581097,1866-12-04T00:00:00Z,1944-12-13T00:00:00Z
OL197126A,Q215614,male,Q6581097,1913-10-04T00:00:00Z,1982-09-30T00:00:00Z
OL408107A,Q231121,female,Q6581072,1929-03-22T00:00:00Z,
OL895900A,Q1147721,male,Q6581097,1903-12-11T00:00:00Z,1981-04-04T00:00:00Z
OL635685A,Q1603452,male,Q6581097,1933-04-03T00:00:00Z,
OL426240A,Q1870962,male,Q6581097,1944-04-19T00:00:00Z,2005-07-14T00:00:00Z
OL548755A,Q7447599,male,Q6581097,1909-02-19T00:00:00Z,2002-11-02T00:00:00Z
OL5474058A,Q9256118,male,Q6581097,1825-05-29T00:00:00Z,1889-05-22T00:00:00Z
OL583924A,Q41672149,female,Q6581072,1951-01-01T00:00:00Z,
OL123412A,Q26408,male,Q6581097,1867-10-03T00:00:00Z,1947-01-23T00:00:00Z
OL26769A,Q44306,male,Q6581097,1947-06-19T00:00:00Z,
OL454350A,Q48868,female,Q6581072,1961-04-30T00:00:00Z,
OL243683A,Q159907,male,Q6581097,1937-07-09T00:00:00Z,
OL27964A,Q180619,male,Q6581097,1941-09-10T00:00:00Z,2002-05-20T00:00:00Z
OL89989A,Q213642,male,Q6581097,1904-07-15T00:00:00Z,2007-06-09T00:00:00Z
OL319413A,Q272400,female,Q6581072,1914-12-05T00:00:00Z,1992-03-20T00:00:00Z
OL3197942A,Q1338563,male,Q6581097,1969-07-07T00:00:00Z,
OL6451509A,Q2460318,male,Q6581097,1862-04-26T00:00:00Z,1938-08-01T00:00:00Z
OL1800466A,Q7668677,male,Q6581097,1898-08-31T00:00:00Z,1974-04-14T00:00:00Z
OL8853887A,Q8201128,male,Q6581097,1900-01-01T00:00:00Z,1980-01-01T00:00:00Z
OL402129A,Q18030446,female,Q6581072,1930-08-15T00:00:00Z,2014-09-04T00:00:00Z
OL2787909A,Q19609832,male,Q6581097,1967-10-08T00:00:00Z,
OL77726A,Q69187,male,Q6581097,1943-06-12T00:00:00Z,2011-10-18T00:00:00Z
OL371016A,Q152797,male,Q6581097,1882-10-19T00:00:00Z,1916-08-17T00:00:00Z
OL4333664A,Q154691,male,Q6581097,1928-11-11T00:00:00Z,2012-05-15T00:00:00Z
OL2474953A,Q539270,female,Q6581072,1947-01-01T00:00:00Z,
OL246383A,Q296,male,Q6581097,1840-11-14T00:00:00Z,1926-12-05T00:00:00Z
OL276442A,Q34661,male,Q6581097,1862-07-14T00:00:00Z,1918-02-06T00:00:00Z
OL154090A,Q125633,female,Q6581072,1858-01-23T00:00:00Z,1941-10-16T00:00:00Z
OL693146A,Q462183,male,Q6581097,1881-08-16T00:00:00Z,1944-05-18T00:00:00Z
OL532062A,Q553259,male,Q6581097,1877-01-04T00:00:00Z,1943-09-02T00:00:00Z
OL113581A,Q614071,male,Q6581097,1863-05-17T00:00:00Z,1942-05-23T00:00:00Z
OL138006A,Q957215,male,Q6581097,1926-09-17T00:00:00Z,1990-01-02T00:00:00Z
OL79125A,Q55943006,male,Q6581097,1954-04-26T00:00:00Z,
OL3229449A,Q160115,male,Q6581097,1957-05-18T00:00:00Z,
OL412440A,Q170068,male,Q6581097,1865-04-26T00:00:00Z,1931-03-07T00:00:00Z
OL2223244A,Q471179,male,Q6581097,1900-02-19T00:00:00Z,1975-01-17T00:00:00Z
OL29877A,Q1189056,male,Q6581097,1953-01-10T00:00:00Z,
OL502771A,Q1223367,male,Q6581097,1958-01-01T00:00:00Z,
OL5757214A,Q3608526,male,Q6581097,1921-03-07T00:00:00Z,2001-08-16T00:00:00Z
OL3158240A,Q97288,female,Q6581072,1971-11-16T00:00:00Z,
OL42259A,Q152384,male,Q6581097,1893-04-20T00:00:00Z,1983-12-25T00:00:00Z
OL256137A,Q234370,female,Q6581072,1876-02-08T00:00:00Z,1907-11-20T00:00:00Z
OL458571A,Q468160,male,Q6581097,1914-12-15T00:00:00Z,1996-11-26T00:00:00Z
OL83309A,Q554008,male,Q6581097,1936-11-20T00:00:00Z,2007-06-22T00:00:00Z
OL64845A,Q1093350,male,Q6581097,1940-09-11T00:00:00Z,2020-04-29T00:00:00Z
OL392315A,Q1488149,female,Q6581072,1929-11-11T00:00:00Z,2023-10-22T00:00:00Z
OL120185A,Q16009572,male,Q6581097,1896-08-10T00:00:00Z,1981-07-17T00:00:00Z
OL2146210A,Q20902801,male,Q6581097,1903-10-23T00:00:00Z,1986-12-22T00:00:00Z
OL63868A,Q18809,male,Q6581097,1875-11-23T00:00:00Z,1933-12-26T00:00:00Z
OL127114A,Q82445,male,Q6581097,1864-11-24T00:00:00Z,1901-09-09T00:00:00Z
OL142323A,Q452254,male,Q6581097,1875-07-31T00:00:00Z,1963-06-09T00:00:00Z
OL872760A,Q926308,male,Q6581097,1891-10-04T00:00:00Z,1915-06-05T00:00:00Z
OL141695A,Q6567261,female,Q6581072,1889-08-02T00:00:00Z,1975-04-07T00:00:00Z
OL418151A,Q7375410,female,Q6581072,1945-12-27T00:00:00Z,2010-11-05T00:00:00Z
OL2385254A,Q18197627,male,Q6581097,1879-06-03T00:00:00Z,1916-10-21T00:00:00Z
OL250376A,Q5912,male,Q6581097,1887-07-28T00:00:00Z,1968-10-02T00:00:00Z
OL294806A,Q33981,male,Q6581097,1887-01-03T00:00:00Z,1914-09-26T00:00:00Z
OL1662224A,Q61071,male,Q6581097,1883-05-18T00:00:00Z,1969-07-05T00:00:00Z
OL128422A,Q123454,male,Q6581097,1908-12-22T00:00:00Z,1994-12-09T00:00:00Z
OL149019A,Q171730,male,Q6581097,1841-09-28T00:00:00Z,1929-11-24T00:00:00Z
OL50761A,Q203643,male,Q6581097,1834-07-10T00:00:00Z,1903-07-17T00:00:00Z
OL29442A,Q311005,male,Q6581097,1937-01-17T00:00:00Z,
OL3162435A,Q824930,male,Q6581097,1958-01-01T00:00:00Z,
OL582094A,Q959768,male,Q6581097,1906-02-02T00:00:00Z,1978-07-11T00:00:00Z
OL88710A,Q44007,male,Q6581097,1879-12-18T00:00:00Z,1940-06-29T00:00:00Z
OL290843A,Q167414,male,Q6581097,1871-09-23T00:00:00Z,1957-06-24T00:00:00Z
OL24981A,Q185832,male,Q6581097,1688-02-08T00:00:00Z,1772-03-29T00:00:00Z
OL425109A,Q229351,female,Q6581072,1898-05-16T00:00:00Z,1980-03-18T00:00:00Z
OL264384A,Q315348,male,Q6581097,1935-09-16T00:00:00Z,2024-01-24T00:00:00Z
OL435524A,Q472646,male,Q6581097,1913-05-04T00:00:00Z,1987-12-04T00:00:00Z
OL142969A,Q564128,male,Q6581097,1893-06-06T00:00:00Z,1966-10-20T00:00:00Z
OL387729A,Q976924,male,Q6581097,1928-09-20T00:00:00Z,2018-06-23T00:00:00Z
OL2821534A,Q6217974,male,Q6581097,1938-01-01T00:00:00Z,2023-01-01T00:00:00Z
OL3200301A,Q6981022,male,Q6581097,1934-04-07T00:00:00Z,
OL156928A,Q52156836,male,Q6581097,1895-01-01T00:00:00Z,1964-01-01T00:00:00Z
OL667261A,Q55680881,male,Q6581097,1917-01-26T00:00:00Z,1994-12-12T00:00:00Z
OL958283A,Q472785,male,Q6581097,1906-10-18T00:00:00Z,1992-03-09T00:00:00Z
OL321561A,Q1347871,male,Q6581097,1875-06-15T00:00:00Z,1933-04-04T00:00:00Z
OL319679A,Q45417,male,Q6581097,1930-05-23T00:00:00Z,2019-03-27T00:00:00Z
OL2787840A,Q240570,female,Q6581072,1953-04-28T00:00:00Z,
OL737713A,Q873279,male,Q6581097,1942-04-28T00:00:00Z,
OL723647A,Q1411990,male,Q6581097,1914-05-24T00:00:00Z,2007-11-22T00:00:00Z
OL503302A,Q1512040,male,Q6581097,1962-11-14T00:00:00Z,
OL89117A,Q1667711,male,Q6581097,1927-02-21T00:00:00Z,2013-07-05T00:00:00Z
OL1740576A,Q1685780,male,Q6581097,1876-11-08T00:00:00Z,1960-03-06T00:00:00Z
OL3145835A,Q6770038,male,Q6581097,1966-01-01T00:00:00Z,
OL357462A,Q10293206,male,Q6581097,1942-01-01T00:00:00Z,2021-02-01T00:00:00Z
OL416266A,Q43194396,male,Q6581097,1942-03-18T00:00:00Z,
OL18969A,Q131805,male,Q6581097,1859-10-20T00:00:00Z,1952-06-01T00:00:00Z
OL200376A,Q154538,male,Q6581097,1946-05-12T00:00:00Z,
OL245579A,Q666171,male,Q6581097,1870-12-23T00:00:00Z,1953-10-02T00:00:00Z
OL4645479A,Q713288,male,Q6581097,1900-08-10T00:00:00Z,1935-06-18T00:00:00Z
OL42411A,Q728088,male,Q6581097,1904-04-21T00:00:00Z,1987-10-27T00:00:00Z
OL1425196A,Q1190926,female,Q6581072,1969-07-19T00:00:00Z,
OL293829A,Q2592064,male,Q6581097,1945-09-27T00:00:00Z,
OL610203A,Q7324901,male,Q6581097,1947-03-25T00:00:00Z,
OL390712A,Q7649034,female,Q6581072,1960-11-27T00:00:00Z,
OL86572A,Q21140463,male,Q6581097,1964-01-23T00:00:00Z,
OL34818A,Q164358,male,Q6581097,1925-10-22T00:00:00Z,2008-05-12T00:00:00Z
OL45962A,Q661473,male,Q6581097,1896-05-11T00:00:00Z,1956-04-02T00:00:00Z
OL88303A,Q767435,male,Q6581097,1940-10-20T00:00:00Z,
OL1717898A,Q2172022,male,Q6581097,1899-01-21T00:00:00Z,1985-08-25T00:00:00Z
OL278840A,Q3932602,male,Q6581097,1935-08-18T00:00:00Z,
OL384108A,Q41774055,male,Q6581097,1930-02-16T00:00:00Z,
OL668131A,Q95309122,male,Q6581097,1954-01-01T00:00:00Z,
OL117429A,Q501,male,Q6581097,1821-04-09T00:00:00Z,1867-08-31T00:00:00Z
OL52690A,Q157321,male,Q6581097,1879-01-22T00:00:00Z,1953-11-30T00:00:00Z
OL4326313A,Q160783,male,Q6581097,1924-12-19T00:00:00Z,2016-01-18T00:00:00Z
OL1966702A,Q163366,male,Q6581097,1885-10-30T00:00:00Z,1972-11-01T00:00:00Z
OL986735A,Q374492,male,Q6581097,1910-05-23T00:00:00Z,1962-05-13T00:00:00Z
OL603322A,Q444399,male,Q6581097,1944-08-31T00:00:00Z,
OL494950A,Q3335558,female,Q6581072,1948-01-01T00:00:00Z,
OL68763A,Q176372,male,Q6581097,1916-10-10T00:00:00Z,2001-11-25T00:00:00Z
OL405075A,Q1282413,male,Q6581097,1891-07-30T00:00:00Z,1959-12-14T00:00:00Z
OL2187242A,Q1448994,male,Q6581097,1892-12-26T00:00:00Z,1972-07-24T00:00:00Z
OL183895A,Q3196701,male,Q6581097,1950-01-01T00:00:00Z,
OL123770A,Q5589,male,Q6581097,1869-12-31T00:00:00Z,1954-11-03T00:00:00Z
OL291650A,Q154842,male,Q6581097,1891-04-02T00:00:00Z,1976-04-01T00:00:00Z
OL199629A,Q440369,male,Q6581097,1870-11-25T00:00:00Z,1943-11-13T00:00:00Z
OL2800309A,Q951010,male,Q6581097,1926-03-27T00:00:00Z,1966-07-26T00:00:00Z
OL6835636A,Q20948745,female,Q6581072,1950-04-30T00:00:00Z,
OL199109A,Q101521,male,Q6581097,1957-08-15T00:00:00Z,
OL23065A,Q130631,male,Q6581097,1930-07-15T00:00:00Z,2004-10-09T00:00:00Z
OL4334052A,Q184226,male,Q6581097,1925-01-18T00:00:00Z,1995-11-04T00:00:00Z
OL116727A,Q187506,male,Q6581097,1808-02-26T00:00:00Z,1879-02-10T00:00:00Z
OL1209079A,Q813094,male,Q6581097,1953-04-23T00:00:00Z,
OL301376A,Q17351969,male,Q6581097,1945-03-06T00:00:00Z,2015-09-25T00:00:00Z
OL841052A,Q235066,female,Q6581072,1947-06-05T00:00:00Z,
OL22530A,Q2134968,female,Q6581072,1961-06-24T00:00:00Z,
OL1174187A,Q5536970,male,Q6581097,1885-01-24T00:00:00Z,1973-11-06T00:00:00Z
OL1078912A,Q5719275,male,Q6581097,1940-01-02T00:00:00Z,
OL1081248A,Q7147752,male,Q6581097,1916-06-07T00:00:00Z,2004-04-22T00:00:00Z
OL394510A,Q15233979,male,Q6581097,1925-07-22T00:00:00Z,2018-06-02T00:00:00Z
OL2621924A,Q188176,male,Q6581097,1914-02-05T00:00:00Z,1997-08-02T00:00:00Z
OL36119A,Q5582,male,Q6581097,1853-03-30T00:00:00Z,1890-07-29T00:00:00Z
OL1885269A,Q316531,male,Q6581097,1876-09-21T00:00:00Z,1942-03-27T00:00:00Z
OL224977A,Q469888,male,Q6581097,1895-10-19T00:00:00Z,1990-01-26T00:00:00Z
OL1040664A,Q567369,male,Q6581097,1893-01-05T00:00:00Z,1948-12-02T00:00:00Z
OL948282A,Q1890108,male,Q6581097,1925-08-20T00:00:00Z,2015-06-14T00:00:00Z
OL2335458A,Q3041259,male,Q6581097,1886-06-26T00:00:00Z,1966-05-09T00:00:00Z
OL2005830A,Q8002863,male,Q6581097,1853-03-31T00:00:00Z,1932-11-27T00:00:00Z
OL141446A,Q35153831,male,Q6581097,1893-10-01T00:00:00Z,1982-03-23T00:00:00Z
OL24919A,Q51137,male,Q6581097,1906-06-02T00:00:00Z,1978-11-29T00:00:00Z
OL2315686A,Q71253,male,Q6581097,1889-03-06T00:00:00Z,1974-09-28T00:00:00Z
OL598810A,Q103591,female,Q6581072,1939-01-29T00:00:00Z,
OL141668A,Q157271,male,Q6581097,1772-03-10T00:00:00Z,1829-01-12T00:00:00Z
OL136600A,Q157610,male,Q6581097,1858-07-21T00:00:00Z,1925-07-17T00:00:00Z
OL546567A,Q213597,male,Q6581097,1888-04-06T00:00:00Z,1976-02-01T00:00:00Z
OL227627A,Q236950,female,Q6581072,1942-03-26T00:00:00Z,
OL243302A,Q551899,male,Q6581097,1912-09-23T00:00:00Z,1980-12-26T00:00:00Z
OL70672A,Q1898786,male,Q6581097,1958-09-02T00:00:00Z,
OL241270A,Q3938659,male,Q6581097,1961-11-09T00:00:00Z,
OL3505577A,Q112413649,male,Q6581097,1955-01-01T00:00:00Z,
OL31676A,Q9049,male,Q6581097,1928-12-07T00:00:00Z,
OL496129A,Q123138,male,Q6581097,1888-11-11T00:00:00Z,1967-03-25T00:00:00Z
OL739406A,Q657402,male,Q6581097,1904-09-21T00:00:00Z,1989-12-07T00:00:00Z
OL38949A,Q1333928,male,Q6581097,1870-07-25T00:00:00Z,1966-03-30T00:00:00Z
OL792244A,Q2725996,male,Q6581097,1520-01-01T00:00:00Z,1601-01-01T00:00:00Z
OL1681205A,Q3305396,male,Q6581097,1903-03-10T00:00:00Z,1989-11-21T00:00:00Z
OL1438069A,Q5108329,male,Q6581097,1973-07-25T00:00:00Z,
OL1654395A,Q43138641,male,Q6581097,1898-04-15T00:00:00Z,1981-06-20T00:00:00Z
OL240192A,Q215999,male,Q6581097,1901-06-22T00:00:00Z,1971-10-11T00:00:00Z
OL759619A,Q220703,male,Q6581097,1868-06-07T00:00:00Z,1928-12-10T00:00:00Z
OL1252987A,Q363823,male,Q6581097,1783-01-02T00:00:00Z,1853-07-22T00:00:00Z
OL94896A,Q722119,male,Q6581097,1930-09-10T00:00:00Z,2016-12-04T00:00:00Z
OL349913A,Q1125077,male,Q6581097,1892-03-30T00:00:00Z,1960-11-29T00:00:00Z
OL460722A,Q5702331,female,Q6581072,1878-01-01T00:00:00Z,1946-01-01T00:00:00Z
OL5776832A,Q8022548,male,Q6581097,1893-02-07T00:00:00Z,1967-10-05T00:00:00Z
OL1137678A,Q11901855,male,Q6581097,1877-05-08T00:00:00Z,1960-11-07T00:00:00Z
OL223657A,Q16926160,female,Q6581072,1948-01-01T00:00:00Z,
OL1575630A,Q21483286,male,Q6581097,1879-01-01T00:00:00Z,1963-01-01T00:00:00Z
OL131900A,Q274646,male,Q6581097,1873-04-04T00:00:00Z,1937-10-30T00:00:00Z
OL2749789A,Q458734,female,Q6581072,1942-06-06T00:00:00Z,2009-01-10T00:00:00Z
OL190136A,Q520713,male,Q6581097,1874-07-28T00:00:00Z,1949-08-08T00:00:00Z
OL18092A,Q660917,male,Q6581097,1845-08-15T00:00:00Z,1915-03-14T00:00:00Z
OL1043555A,Q982549,male,Q6581097,1820-08-30T00:00:00Z,1884-07-30T00:00:00Z
OL485510A,Q1691342,male,Q6581097,1942-03-11T00:00:00Z,1994-05-25T00:00:00Z
OL316758A,Q3161167,male,Q6581097,1857-01-31T00:00:00Z,1921-02-09T00:00:00Z
OL711651A,Q119509307,female,Q6581072,1933-06-15T00:00:00Z,
OL398060A,Q107194,male,Q6581097,1893-07-26T00:00:00Z,1959-07-06T00:00:00Z
OL123727A,Q152176,male,Q6581097,1895-12-14T00:00:00Z,1952-11-18T00:00:00Z
OL102871A,Q379589,male,Q6581097,1877-08-22T00:00:00Z,1947-09-09T00:00:00Z
OL491896A,Q453808,female,Q6581072,1936-07-13T00:00:00Z,
OL286521A,Q2086752,male,Q6581097,1834-09-10T00:00:00Z,1894-11-04T00:00:00Z
OL540629A,Q2955951,male,Q6581097,1957-02-11T00:00:00Z,
OL186368A,Q5888405,male,Q6581097,1947-05-07T00:00:00Z,
OL1303879A,Q57588,male,Q6581097,1902-05-22T00:00:00Z,1981-07-01T00:00:00Z
OL917803A,Q737882,male,Q6581097,1899-12-02T00:00:00Z,1981-03-29T00:00:00Z
OL676094A,Q936534,male,Q6581097,1948-03-09T00:00:00Z,
OL3019758A,Q1604450,male,Q6581097,1943-11-21T00:00:00Z,2024-08-09T00:00:00Z
OL2832381A,Q76799760,female,Q6581072,1950-01-01T00:00:00Z,
OL21804A,Q82840,male,Q6581097,1898-02-03T00:00:00Z,1976-05-11T00:00:00Z
OL65073A,Q156128,male,Q6581097,1871-05-27T00:00:00Z,1958-02-13T00:00:00Z
OL39037A,Q292268,female,Q6581072,1934-09-14T00:00:00Z,2017-09-06T00:00:00Z
OL850910A,Q453839,male,Q6581097,1890-10-16T00:00:00Z,1976-03-31T00:00:00Z
OL284746A,Q947519,male,Q6581097,1916-06-24T00:00:00Z,1986-03-30T00:00:00Z
OL8113422A,Q30215950,male,Q6581097,1984-01-01T00:00:00Z,
OL50298A,Q447300,female,Q6581072,1954-01-18T00:00:00Z,
OL548434A,Q683378,male,Q6581097,1931-06-17T00:00:00Z,2020-01-02T00:00:00Z
OL7531A,Q684978,male,Q6581097,1881-09-16T00:00:00Z,1964-09-18T00:00:00Z
OL657342A,Q5621226,male,Q6581097,1858-03-09T00:00:00Z,1942-04-21T00:00:00Z
OL6562593A,Q6199963,male,Q6581097,1950-01-01T00:00:00Z,1990-07-27T00:00:00Z
OL76230A,Q122238,male,Q6581097,1930-04-11T00:00:00Z,2021-10-09T00:00:00Z
OL85937A,Q134741,male,Q6581097,1830-07-10T00:00:00Z,1903-11-13T00:00:00Z
OL197930A,Q215461,male,Q6581097,1880-03-21T00:00:00Z,1966-02-17T00:00:00Z
OL678965A,Q325900,male,Q6581097,1949-12-31T00:00:00Z,
OL135648A,Q708504,male,Q6581097,1904-12-21T00:00:00Z,2001-03-04T00:00:00Z
OL381816A,Q2850177,female,Q6581072,1956-07-30T00:00:00Z,
OL457252A,Q4118422,male,Q6581097,1949-01-01T00:00:00Z,
OL81885A,Q6255094,male,Q6581097,1936-03-24T00:00:00Z,
OL480054A,Q61939381,male,Q6581097,1940-11-25T00:00:00Z,2007-04-21T00:00:00Z
OL831520A,Q112130492,male,Q6581097,1957-01-01T00:00:00Z,
OL481036A,Q2808,male,Q6581097,1947-03-25T00:00:00Z,
OL488684A,Q44032,male,Q6581097,1890-06-12T00:00:00Z,1918-10-31T00:00:00Z
OL192759A,Q250293,male,Q6581097,1928-06-03T00:00:00Z,1994-02-12T00:00:00Z
OL216130A,Q711666,male,Q6581097,1865-02-28T00:00:00Z,1945-01-22T00:00:00Z
OL482166A,Q2575649,female,Q6581072,1930-11-14T00:00:00Z,1993-04-18T00:00:00Z
OL22565A,Q95236641,male,Q6581097,1933-01-01T00:00:00Z,
OL328068A,Q78620,male,Q6581097,1927-05-14T00:00:00Z,2022-07-16T00:00:00Z
OL63875A,Q569003,male,Q6581097,1948-05-15T00:00:00Z,
OL744207A,Q738892,male,Q6581097,1885-02-18T00:00:00Z,1954-05-05T00:00:00Z
OL687184A,Q1093530,male,Q6581097,1938-10-19T00:00:00Z,1968-09-11T00:00:00Z
OL1884344A,Q1442595,male,Q6581097,1908-02-04T00:00:00Z,1999-02-20T00:00:00Z
OL337974A,Q3219155,male,Q6581097,1946-10-01T00:00:00Z,2017-01-10T00:00:00Z
OL576600A,Q19958845,male,Q6581097,1955-05-12T00:00:00Z,2024-08-21T00:00:00Z
OL3170255A,Q123682793,male,Q6581097,1975-01-01T00:00:00Z,2023-11-30T00:00:00Z
OL1139474A,Q69574,male,Q6581097,1874-10-28T00:00:00Z,1947-08-17T00:00:00Z
OL4279975A,Q161955,male,Q6581097,1896-02-19T00:00:00Z,1966-09-28T00:00:00Z
OL124248A,Q169984,male,Q6581097,1883-04-07T00:00:00Z,1966-02-26T00:00:00Z
OL145594A,Q218951,male,Q6581097,1907-03-21T00:00:00Z,1965-06-14T00:00:00Z
OL1327083A,Q365388,male,Q6581097,1903-03-14T00:00:00Z,1974-03-04T00:00:00Z
OL1173892A,Q380426,male,Q6581097,1891-08-22T00:00:00Z,1973-05-26T00:00:00Z
OL661285A,Q1971576,male,Q6581097,1956-03-13T00:00:00Z,
OL2941598A,Q1979892,male,Q6581097,1965-04-13T00:00:00Z,
OL1008324A,Q17899364,female,Q6581072,1925-02-02T00:00:00Z,1997-06-24T00:00:00Z
OL125573A,Q234109,female,Q6581072,1903-01-10T00:00:00Z,1975-05-20T00:00:00Z
OL1712809A,Q274339,female,Q6581072,1876-06-22T00:00:00Z,1939-09-18T00:00:00Z
OL4358532A,Q485635,male,Q6581097,1958-05-04T00:00:00Z,1990-02-16T00:00:00Z
OL136156A,Q1874460,male,Q6581097,1893-08-08T00:00:00Z,1974-03-03T00:00:00Z
OL1512380A,Q8012010,male,Q6581097,1846-01-01T00:00:00Z,1923-01-01T00:00:00Z
OL579784A,Q62260,male,Q6581097,1861-04-20T00:00:00Z,1927-10-29T00:00:00Z
OL22304A,Q212632,male,Q6581097,1880-10-26T00:00:00Z,1934-01-08T00:00:00Z
OL780952A,Q335087,male,Q6581097,1914-01-15T00:00:00Z,2003-01-26T00:00:00Z
OL29417A,Q368831,male,Q6581097,1931-06-26T00:00:00Z,2013-12-05T00:00:00Z
OL82823A,Q941810,male,Q6581097,1770-12-09T00:00:00Z,1835-11-21T00:00:00Z
OL257793A,Q2382294,male,Q6581097,1956-10-04T00:00:00Z,
OL86650A,Q2709641,male,Q6581097,1921-05-01T00:00:00Z,2012-12-07T00:00:00Z
OL2662674A,Q6776586,male,Q6581097,1947-06-30T00:00:00Z,
OL49253A,Q305106,male,Q6581097,1939-11-04T00:00:00Z,
OL4357282A,Q328341,male,Q6581097,1938-01-02T00:00:00Z,1973-07-20T00:00:00Z
OL473742A,Q462662,male,Q6581097,1877-01-20T00:00:00Z,1933-07-14T00:00:00Z
OL186952A,Q526470,male,Q6581097,1923-06-25T00:00:00Z,1994-11-04T00:00:00Z
OL25549A,Q611828,male,Q6581097,1942-06-14T00:00:00Z,2023-01-17T00:00:00Z
OL1867365A,Q6136905,male,Q6581097,1900-01-01T00:00:00Z,1986-04-14T00:00:00Z
OL371857A,Q158056,male,Q6581097,1932-07-20T00:00:00Z,2006-01-29T00:00:00Z
OL271597A,Q171128,male,Q6581097,1886-12-08T00:00:00Z,1957-11-24T00:00:00Z
OL544833A,Q299662,female,Q6581072,1939-10-12T00:00:00Z,2019-03-06T00:00:00Z
OL990950A,Q381950,male,Q6581097,1884-01-18T00:00:00Z,1962-04-12T00:00:00Z
OL545360A,Q440316,female,Q6581072,1925-02-24T00:00:00Z,2021-11-14T00:00:00Z
OL917203A,Q933765,male,Q6581097,1807-06-23T00:00:00Z,1869-04-30T00:00:00Z
OL6872037A,Q3171767,male,Q6581097,1835-06-05T00:00:00Z,1909-08-31T00:00:00Z
OL839355A,Q5416144,female,Q6581072,1943-05-13T00:00:00Z,2021-12-17T00:00:00Z
OL1866282A,Q7962743,male,Q6581097,1926-02-18T00:00:00Z,1976-02-18T00:00:00Z
OL6456137A,Q20982235,male,Q6581097,1906-01-01T00:00:00Z,1989-01-01T00:00:00Z
OL66693A,Q76844,male,Q6581097,1944-05-15T00:00:00Z,2015-01-01T00:00:00Z
OL417673A,Q86826,female,Q6581072,1963-01-01T00:00:00Z,
OL602734A,Q215457,female,Q6581072,1936-01-11T00:00:00Z,1970-05-29T00:00:00Z
OL1885785A,Q689388,male,Q6581097,1724-06-08T00:00:00Z,1796-08-08T00:00:00Z
OL923630A,Q893716,male,Q6581097,1924-07-18T00:00:00Z,2008-01-07T00:00:00Z
OL86095A,Q2829942,male,Q6581097,1928-09-11T00:00:00Z,2015-12-20T00:00:00Z
OL22466A,Q6135694,male,Q6581097,1941-09-19T00:00:00Z,2005-07-06T00:00:00Z
OL69560A,Q156890,male,Q6581097,1870-01-02T00:00:00Z,1938-10-24T00:00:00Z
OL126919A,Q371258,male,Q6581097,1903-07-13T00:00:00Z,1983-05-21T00:00:00Z
OL1388077A,Q1367133,male,Q6581097,1969-12-01T00:00:00Z,
OL8017429A,Q2150248,male,Q6581097,1882-08-07T00:00:00Z,1949-12-12T00:00:00Z
OL398133A,Q5524587,male,Q6581097,1950-05-11T00:00:00Z,
OL243592A,Q6415540,male,Q6581097,1946-01-18T00:00:00Z,2003-08-14T00:00:00Z
OL430990A,Q9013225,male,Q6581097,1954-01-01T00:00:00Z,
OL6869315A,Q58011421,male,Q6581097,1968-01-16T00:00:00Z,
OL2497038A,Q94351592,male,Q6581097,1846-01-25T00:00:00Z,1929-03-19T00:00:00Z
OL28634A,Q5577,male,Q6581097,1904-05-11T00:00:00Z,1989-01-23T00:00:00Z
OL74113A,Q89629,male,Q6581097,1928-08-08T00:00:00Z,2013-03-13T00:00:00Z
OL480133A,Q146691,male,Q6581097,1860-07-24T00:00:00Z,1939-07-14T00:00:00Z
OL3570923A,Q235615,female,Q6581072,1941-10-25T00:00:00Z,
OL630124A,Q1335335,male,Q6581097,1886-04-03T00:00:00Z,1980-04-04T00:00:00Z
OL395861A,Q2579054,male,Q6581097,1929-01-18T00:00:00Z,2020-04-14T00:00:00Z
OL208253A,Q3972910,female,Q6581072,1896-05-29T00:00:00Z,1993-08-31T00:00:00Z
OL269284A,Q10444417,female,Q6581072,1963-12-10T00:00:00Z,
OL58437A,Q14633979,male,Q6581097,1935-06-13T00:00:00Z,2020-05-31T00:00:00Z
OL2481663A,Q109859330,male,Q6581097,1930-01-01T00:00:00Z,1996-01-01T00:00:00Z
OL32469A,Q55282,male,Q6581097,1942-04-05T00:00:00Z,
OL533062A,Q719676,male,Q6581097,1892-08-18T00:00:00Z,1982-07-25T00:00:00Z
OL64854A,Q3932647,male,Q6581097,1929-01-01T00:00:00Z,2024-03-30T00:00:00Z
OL962947A,Q5400843,male,Q6581097,1903-01-20T00:00:00Z,2001-01-10T00:00:00Z
OL838057A,Q13511793,male,Q6581097,1948-06-23T00:00:00Z,2020-11-18T00:00:00Z
OL18154A,Q16861637,male,Q6581097,1866-08-28T00:00:00Z,1932-09-14T00:00:00Z
OL638735A,Q94511646,female,Q6581072,1910-01-01T00:00:00Z,1997-01-01T00:00:00Z
OL44790A,Q5593,male,Q6581097,1881-10-25T00:00:00Z,1973-04-08T00:00:00Z
OL2226119A,Q98779,male,Q6581097,1887-12-05T00:00:00Z,1968-05-06T00:00:00Z
OL117618A,Q123143,male,Q6581097,1888-04-14T00:00:00Z,1968-04-10T00:00:00Z
OL2686646A,Q137115,female,Q6581072,1937-04-14T00:00:00Z,
OL5110462A,Q223955,male,Q6581097,1913-06-26T00:00:00Z,2008-04-17T00:00:00Z
OL2822822A,Q382604,male,Q6581097,1926-11-05T00:00:00Z,2017-01-02T00:00:00Z
OL114591A,Q535334,male,Q6581097,1881-04-18T00:00:00Z,1961-10-04T00:00:00Z
OL140292A,Q544531,male,Q6581097,1901-09-24T00:00:00Z,1990-05-02T00:00:00Z
OL137680A,Q780102,male,Q6581097,1882-11-18T00:00:00Z,1957-03-07T00:00:00Z
OL870682A,Q1378325,male,Q6581097,1905-07-06T00:00:00Z,1982-01-18T00:00:00Z
OL131742A,Q1460571,male,Q6581097,1930-06-24T00:00:00Z,2003-05-29T00:00:00Z
OL242297A,Q2479548,male,Q6581097,1942-04-19T00:00:00Z,1975-07-09T00:00:00Z
OL902088A,Q93435860,female,Q6581072,1935-01-25T00:00:00Z,
OL170291A,Q6682,male,Q6581097,1832-01-06T00:00:00Z,1883-01-23T00:00:00Z
OL5788289A,Q135092,male,Q6581097,1885-01-23T00:00:00Z,1970-10-07T00:00:00Z
OL280137A,Q142472,female,Q6581072,1867-07-08T00:00:00Z,1945-04-22T00:00:00Z
OL119598A,Q733197,male,Q6581097,1906-05-03T00:00:00Z,1997-02-05T00:00:00Z
OL776174A,Q1452504,male,Q6581097,1943-08-29T00:00:00Z,2003-06-23T00:00:00Z
OL181580A,Q2273489,male,Q6581097,1910-04-12T00:00:00Z,2018-03-02T00:00:00Z
OL764220A,Q15429431,female,Q6581072,1926-07-24T00:00:00Z,2022-10-08T00:00:00Z
OL683009A,Q275610,female,Q6581072,1912-03-22T00:00:00Z,2004-12-16T00:00:00Z
OL673205A,Q360286,male,Q6581097,1905-11-01T00:00:00Z,1960-02-22T00:00:00Z
OL2488247A,Q2594943,male,Q6581097,1955-01-01T00:00:00Z,
OL516712A,Q19758008,male,Q6581097,1949-01-01T00:00:00Z,
OL816759A,Q25591768,male,Q6581097,1930-04-21T00:00:00Z,1998-06-05T00:00:00Z
OL67165A,Q112419177,male,Q6581097,1960-01-01T00:00:00Z,
OL349206A,Q116054,female,Q6581072,1962-06-21T00:00:00Z,
OL143034A,Q152788,male,Q6581097,1867-08-07T00:00:00Z,1956-04-13T00:00:00Z
OL218757A,Q173223,female,Q6581072,1844-05-22T00:00:00Z,1926-06-14T00:00:00Z
OL504260A,Q292463,female,Q6581072,1948-04-01T00:00:00Z,
OL118738A,Q508392,male,Q6581097,1907-09-26T00:00:00Z,1983-03-26T00:00:00Z
OL261011A,Q1288359,male,Q6581097,1957-11-26T00:00:00Z,1996-01-09T00:00:00Z
OL190659A,Q1684960,male,Q6581097,1949-07-20T00:00:00Z,2023-08-07T00:00:00Z
OL5106102A,Q3186520,male,Q6581097,1927-11-24T00:00:00Z,1999-04-07T00:00:00Z
OL114552A,Q5545926,male,Q6581097,1805-03-18T00:00:00Z,1862-04-28T00:00:00Z
OL718823A,Q16976087,female,Q6581072,1959-12-26T00:00:00Z,
OL136335A,Q57240,male,Q6581097,1885-07-08T00:00:00Z,1977-08-04T00:00:00Z
OL608916A,Q235275,female,Q6581072,1908-12-16T00:00:00Z,1963-10-08T00:00:00Z
OL2900491A,Q666092,male,Q6581097,1955-04-28T00:00:00Z,
OL509465A,Q923306,male,Q6581097,1955-01-11T00:00:00Z,
OL432558A,Q2326080,male,Q6581097,1835-08-18T00:00:00Z,1901-02-10T00:00:00Z
OL7148659A,Q6964618,female,Q6581072,1976-03-09T00:00:00Z,
OL2973554A,Q7162582,female,Q6581072,1942-01-22T00:00:00Z,
OL196295A,Q53546961,male,Q6581097,1944-01-01T00:00:00Z,
OL115236A,Q547470,male,Q6581097,1866-12-14T00:00:00Z,1934-09-09T00:00:00Z
OL82841A,Q1338051,female,Q6581072,1892-05-23T00:00:00Z,1963-01-16T00:00:00Z
OL3198065A,Q1712053,male,Q6581097,1965-01-01T00:00:00Z,
OL5631454A,Q4757073,male,Q6581097,1965-02-11T00:00:00Z,
OL3881340A,Q15446557,male,Q6581097,1968-01-12T00:00:00Z,
OL65145A,Q33477,male,Q6581097,1798-04-26T00:00:00Z,1863-08-13T00:00:00Z
OL26460A,Q158060,male,Q6581097,1869-02-23T00:00:00Z,1963-08-27T00:00:00Z
OL2934820A,Q365691,male,Q6581097,1967-02-05T00:00:00Z,
OL896798A,Q537002,male,Q6581097,1874-04-07T00:00:00Z,1939-08-24T00:00:00Z
OL177918A,Q724692,male,Q6581097,1887-02-19T00:00:00Z,1968-10-13T00:00:00Z
OL1961116A,Q3136788,male,Q6581097,1907-04-16T00:00:00Z,1963-05-03T00:00:00Z
OL42910A,Q7184819,male,Q6581097,1949-01-01T00:00:00Z,
OL6618205A,Q7317403,male,Q6581097,1912-07-22T00:00:00Z,2006-04-07T00:00:00Z
OL61814A,Q35548,male,Q6581097,1839-01-19T00:00:00Z,1906-10-22T00:00:00Z
OL71303A,Q157183,male,Q6581097,1881-02-04T00:00:00Z,1955-08-17T00:00:00Z
OL1010503A,Q160422,male,Q6581097,1883-08-30T00:00:00Z,1931-03-07T00:00:00Z
OL96984A,Q241248,male,Q6581097,1952-06-07T00:00:00Z,
OL3146732A,Q969268,female,Q6581072,1962-01-01T00:00:00Z,
OL274587A,Q1386933,male,Q6581097,1953-06-13T00:00:00Z,
OL1625358A,Q2524056,male,Q6581097,1930-03-28T00:00:00Z,2014-03-03T00:00:00Z
OL1058007A,Q3571991,male,Q6581097,1893-01-01T00:00:00Z,1953-05-14T00:00:00Z
OL1257683A,Q19997499,male,Q6581097,1902-12-02T00:00:00Z,1985-03-27T00:00:00Z
OL8180696A,Q50137387,female,Q6581072,1985-01-01T00:00:00Z,
OL515138A,Q214106,male,Q6581097,1887-05-23T00:00:00Z,1968-02-11T00:00:00Z
OL773255A,Q374504,male,Q6581097,1905-01-29T00:00:00Z,1970-07-04T00:00:00Z
OL1052180A,Q380038,male,Q6581097,1869-04-08T00:00:00Z,1939-10-08T00:00:00Z
OL1776606A,Q466258,male,Q6581097,1883-07-11T00:00:00Z,1958-11-27T00:00:00Z
OL71330A,Q1512606,male,Q6581097,1940-08-22T00:00:00Z,2008-06-30T00:00:00Z
OL393029A,Q3264909,trans woman,Q1052281,1954-05-25T00:00:00Z,
OL58950A,Q37693,male,Q6581097,1848-06-07T00:00:00Z,1903-05-08T00:00:00Z
OL907130A,Q92437,female,Q6581072,1944-06-27T00:00:00Z,
OL199905A,Q381277,male,Q6581097,1911-12-26T00:00:00Z,1987-01-18T00:00:00Z
OL927558A,Q466187,male,Q6581097,1883-01-20T00:00:00Z,1941-12-03T00:00:00Z
OL134278A,Q638877,male,Q6581097,1879-04-07T00:00:00Z,1964-08-19T00:00:00Z
OL433020A,Q706041,male,Q6581097,1859-11-20T00:00:00Z,1923-12-13T00:00:00Z
OL3089876A,Q1663439,female,Q6581072,1960-01-01T00:00:00Z,
OL175977A,Q3048295,male,Q6581097,1861-03-28T00:00:00Z,1929-12-24T00:00:00Z
OL164593A,Q3262058,male,Q6581097,1846-11-16T00:00:00Z,1921-12-19T00:00:00Z
OL2673918A,Q4730459,male,Q6581097,1957-01-01T00:00:00Z,
OL394463A,Q5494953,male,Q6581097,1928-10-18T00:00:00Z,2024-06-05T00:00:00Z
OL2351563A,Q5497046,male,Q6581097,1805-12-12T00:00:00Z,1890-08-21T00:00:00Z
OL67746A,Q8003,male,Q6581097,1898-01-22T00:00:00Z,1948-02-11T00:00:00Z
OL596408A,Q66282,male,Q6581097,1885-04-26T00:00:00Z,1940-07-05T00:00:00Z
OL143143A,Q66832,male,Q6581097,1890-02-21T00:00:00Z,1965-12-30T00:00:00Z
OL501972A,Q106265,male,Q6581097,1953-04-17T00:00:00Z,
OL128455A,Q164712,male,Q6581097,1897-09-23T00:00:00Z,1994-07-20T00:00:00Z
OL28409A,Q182589,male,Q6581097,1834-03-24T00:00:00Z,1896-10-03T00:00:00Z
OL4441955A,Q267691,female,Q6581072,1934-12-05T00:00:00Z,2021-12-23T00:00:00Z
OL196157A,Q312392,male,Q6581097,1899-02-19T00:00:00Z,1968-09-07T00:00:00Z
OL78017A,Q1789294,female,Q6581072,1942-07-01T00:00:00Z,
OL4288434A,Q11519051,male,Q6581097,1895-03-11T00:00:00Z,1946-02-12T00:00:00Z
OL1316991A,Q47667,male,Q6581097,1891-12-17T00:00:00Z,1962-02-24T00:00:00Z
OL61328A,Q78003,male,Q6581097,1951-07-31T00:00:00Z,
OL715420A,Q5364859,female,Q6581072,1910-01-01T00:00:00Z,1982-01-01T00:00:00Z
OL220957A,Q15488270,male,Q6581097,1949-11-15T00:00:00Z,
OL242802A,Q41622269,male,Q6581097,1942-01-01T00:00:00Z,
OL187996A,Q112493131,female,Q6581072,1972-01-01T00:00:00Z,
OL92987A,Q151097,male,Q6581097,1898-07-30T00:00:00Z,1986-08-31T00:00:00Z
OL341236A,Q292115,female,Q6581072,1942-03-07T00:00:00Z,2019-01-28T00:00:00Z
OL895408A,Q2714574,male,Q6581097,1885-03-07T00:00:00Z,1965-01-03T00:00:00Z
OL955816A,Q6757146,female,Q6581072,1940-04-11T00:00:00Z,2006-10-17T00:00:00Z
OL32146A,Q19957709,female,Q6581072,1948-01-01T00:00:00Z,
OL458970A,Q37571,male,Q6581097,1912-01-28T00:00:00Z,1956-08-11T00:00:00Z
OL44434A,Q740966,male,Q6581097,1943-05-06T00:00:00Z,
OL466744A,Q1575665,female,Q6581072,1893-09-07T00:00:00Z,1983-08-08T00:00:00Z
OL288510A,Q2349570,male,Q6581097,1949-01-01T00:00:00Z,
OL4655680A,Q3542969,male,Q6581097,1892-06-18T00:00:00Z,1967-10-19T00:00:00Z
OL1322678A,Q110089318,male,Q6581097,1937-01-01T00:00:00Z,1979-03-06T00:00:00Z
OL388024A,Q61981,male,Q6581097,1881-01-13T00:00:00Z,1965-03-29T00:00:00Z
OL116036A,Q101349,male,Q6581097,1866-01-01T00:00:00Z,1940-01-01T00:00:00Z
OL485763A,Q161143,male,Q6581097,1884-12-01T00:00:00Z,1976-08-10T00:00:00Z
OL122872A,Q215922,male,Q6581097,1890-12-06T00:00:00Z,1943-03-20T00:00:00Z
OL256249A,Q355566,male,Q6581097,1917-09-07T00:00:00Z,2000-06-09T00:00:00Z
OL1196299A,Q460186,female,Q6581072,1900-01-28T00:00:00Z,1984-10-13T00:00:00Z
OL337302A,Q650151,male,Q6581097,1923-02-25T00:00:00Z,1987-03-21T00:00:00Z
OL2833319A,Q4861350,male,Q6581097,1952-01-01T00:00:00Z,
OL343266A,Q94279311,male,Q6581097,1950-02-02T00:00:00Z,
OL47713A,Q67629,male,Q6581097,1964-12-04T00:00:00Z,
OL38432A,Q507014,male,Q6581097,1932-01-04T00:00:00Z,2018-09-10T00:00:00Z
OL490863A,Q699326,male,Q6581097,1878-07-10T00:00:00Z,1943-03-09T00:00:00Z
OL136102A,Q778445,male,Q6581097,1909-05-17T00:00:00Z,1992-11-12T00:00:00Z
OL817536A,Q3290532,male,Q6581097,1897-11-14T00:00:00Z,1946-08-29T00:00:00Z
OL1393296A,Q5055993,female,Q6581072,1969-10-25T00:00:00Z,
OL458960A,Q5139737,female,Q6581072,1960-06-18T00:00:00Z,
OL3165550A,Q26350656,male,Q6581097,1964-01-01T00:00:00Z,
OL9111648A,Q63092956,female,Q6581072,1973-01-01T00:00:00Z,
OL362113A,Q381728,male,Q6581097,1724-08-24T00:00:00Z,1806-07-10T00:00:00Z
OL1190030A,Q442213,male,Q6581097,1907-11-23T00:00:00Z,1973-03-26T00:00:00Z
OL185182A,Q704588,male,Q6581097,1892-12-07T00:00:00Z,1964-06-24T00:00:00Z
OL2764337A,Q1151352,male,Q6581097,1946-01-11T00:00:00Z,
OL4382731A,Q1368416,male,Q6581097,1922-09-27T00:00:00Z,1991-08-08T00:00:00Z
OL326940A,Q1397876,male,Q6581097,1921-08-17T00:00:00Z,2003-05-09T00:00:00Z
OL561225A,Q1610622,male,Q6581097,1929-12-12T00:00:00Z,2000-01-21T00:00:00Z
OL8919863A,Q3519205,male,Q6581097,1935-02-23T00:00:00Z,1990-11-12T00:00:00Z
OL2440063A,Q4766433,female,Q6581072,1956-06-22T00:00:00Z,
OL190543A,Q7121567,male,Q6581097,1912-11-04T00:00:00Z,2002-01-02T00:00:00Z
OL37701A,Q30755,male,Q6581097,1840-11-12T00:00:00Z,1917-11-17T00:00:00Z
OL673325A,Q76483,male,Q6581097,1875-12-04T00:00:00Z,1926-12-29T00:00:00Z
OL43588A,Q78885,male,Q6581097,1917-09-14T00:00:00Z,2007-12-31T00:00:00Z
OL402789A,Q140201,male,Q6581097,1930-11-15T00:00:00Z,2009-04-19T00:00:00Z
OL132814A,Q463065,male,Q6581097,1885-07-05T00:00:00Z,1962-01-24T00:00:00Z
OL124939A,Q1252116,male,Q6581097,1911-02-20T00:00:00Z,1984-04-01T00:00:00Z
OL29766A,Q1715499,male,Q6581097,1924-08-29T00:00:00Z,2019-12-08T00:00:00Z
OL1285341A,Q2033706,male,Q6581097,1888-10-14T00:00:00Z,1957-10-05T00:00:00Z
OL199223A,Q3776378,male,Q6581097,1902-09-19T00:00:00Z,1991-12-12T00:00:00Z
OL419063A,Q5588,female,Q6581072,1907-07-06T00:00:00Z,1954-07-13T00:00:00Z
OL250484A,Q153104,male,Q6581097,1891-12-02T00:00:00Z,1969-07-25T00:00:00Z
OL153985A,Q154083,male,Q6581097,1863-04-03T00:00:00Z,1957-10-25T00:00:00Z
OL459727A,Q453883,male,Q6581097,1940-07-05T00:00:00Z,2021-08-19T00:00:00Z
OL217637A,Q494287,male,Q6581097,1930-09-28T00:00:00Z,2019-08-31T00:00:00Z
OL270064A,Q2568682,male,Q6581097,1929-02-05T00:00:00Z,2014-04-22T00:00:00Z
OL427772A,Q3766950,male,Q6581097,1920-08-30T00:00:00Z,2009-06-07T00:00:00Z
OL592803A,Q5248410,female,Q6581072,1948-02-05T00:00:00Z,
OL3146971A,Q6536296,female,Q6581072,1960-01-01T00:00:00Z,
OL72360A,Q163938,male,Q6581097,1925-05-22T00:00:00Z,1991-08-30T00:00:00Z
OL92736A,Q213393,male,Q6581097,1703-06-28T00:00:00Z,1791-03-02T00:00:00Z
OL7472474A,Q324865,male,Q6581097,1963-07-10T00:00:00Z,
OL408536A,Q870701,male,Q6581097,1916-06-08T00:00:00Z,1992-10-25T00:00:00Z
OL139788A,Q5984289,male,Q6581097,1916-01-01T00:00:00Z,2009-01-01T00:00:00Z
OL225916A,Q7356889,male,Q6581097,1933-09-27T00:00:00Z,2007-06-24T00:00:00Z
OL5559455A,Q12406811,male,Q6581097,1938-09-08T00:00:00Z,1980-11-05T00:00:00Z
OL127619A,Q103424,male,Q6581097,1852-01-14T00:00:00Z,1914-01-13T00:00:00Z
OL217129A,Q275012,female,Q6581072,1949-04-11T00:00:00Z,2024-11-06T00:00:00Z
OL201131A,Q692100,male,Q6581097,1858-01-14T00:00:00Z,1905-06-17T00:00:00Z
OL480433A,Q872641,male,Q6581097,1893-12-03T00:00:00Z,1965-06-18T00:00:00Z
OL443121A,Q1811222,male,Q6581097,1938-07-28T00:00:00Z,2012-08-06T00:00:00Z
OL281617A,Q64354,female,Q6581072,1908-12-19T00:00:00Z,2000-03-31T00:00:00Z
OL998562A,Q101465,male,Q6581097,1850-01-30T00:00:00Z,1906-02-26T00:00:00Z
OL216204A,Q2562474,male,Q6581097,1920-09-13T00:00:00Z,2010-07-06T00:00:00Z
OL2820233A,Q2900288,female,Q6581072,1926-07-30T00:00:00Z,
