{
  "script": {
    "steps": [],
    "maxProcessedMemTableBytes": -1,
    "columnsSelection": {
      "mode": "ALL"
    },
    "columnWidthsByName": {
      "Title": 300,
      "Artist": 232,
      "ConstituentID": 190,
      "ArtistBio": 300,
      "Nationality": 211,
      "BeginDate": 197,
      "EndDate": 190,
      "Gender": 197,
      "Date": 190,
      "Medium": 300,
      "Dimensions": 300,
      "CreditLine": 300,
      "AccessionNumber": 134,
      "Classification": 134,
      "Department": 162,
      "DateAcquired": 134,
      "Cataloged": 100,
      "ObjectID": 100,
      "URL": 300,
      "ImageURL": 300,
      "OnView": 134,
      "Circumference (cm)": 150,
      "Depth (cm)": 134,
      "Diameter (cm)": 134,
      "Height (cm)": 134,
      "Length (cm)": 134,
      "Weight (kg)": 134,
      "Width (cm)": 134,
      "Seat Height (cm)": 135,
      "Duration (sec.)": 128
    },
    "columnUseScientificNotationByName": {},
    "coloring": {
      "scheme": "MEANING_AND_STATUS",
      "individualColumns": [],
      "valueColoringMode": "HASH"
    },
    "sorting": [],
    "analysisColumnData": {},
    "explorationSampling": {
      "selection": {
        "maxRecordsForDisplay": -1,
        "maxStoredBytes": 104857600,
        "timeout": -1,
        "filter": {
          "distinct": false,
          "enabled": false
        },
        "partitionSelectionMethod": "ALL",
        "latestPartitionsN": 1,
        "ordering": {
          "enabled": false,
          "rules": []
        },
        "samplingMethod": "HEAD_SEQUENTIAL",
        "maxRecords": 10000,
        "targetRatio": 0.02,
        "withinFirstN": -1,
        "maxReadUncompressedBytes": -1
      },
      "autoRefreshSample": false,
      "_refreshTrigger": 0
    },
    "vizSampling": {
      "selection": {
        "useMemTable": false,
        "filter": {
          "distinct": false,
          "enabled": false
        },
        "partitionSelectionMethod": "ALL",
        "latestPartitionsN": 1,
        "ordering": {
          "enabled": false,
          "rules": []
        },
        "samplingMethod": "FULL",
        "maxRecords": -1,
        "targetRatio": 0.02,
        "withinFirstN": -1,
        "maxReadUncompressedBytes": -1
      },
      "autoRefreshSample": false,
      "_refreshTrigger": 0
    },
    "exploreUIParams": {
      "autoRefresh": true
    },
    "globalSearchQuery": "",
    "explorationFilters": [
      {
        "column": "Title",
        "type": "columnFilter",
        "currentMode": "SIMPLE_ALPHANUM",
        "active": true,
        "facet": {
          "type": "facet",
          "column": "Title",
          "columnType": "ALPHANUM",
          "currentMode": "ALPHANUM",
          "sort": "count",
          "selectedValues": {}
        },
        "alphanumFilter": {
          "type": "alphanum",
          "column": "Title",
          "selectedValues": [],
          "params": {
            "mode": "full_string",
            "normalization": "exact"
          }
        },
        "validityFilter": {
          "type": "validity",
          "column": "Title",
          "params": {
            "type": "FreeText",
            "ok": true,
            "nok": true,
            "empty": true
          }
        }
      }
    ],
    "previewMode": "ALL_ROWS"
  },
  "charts": [],
  "interactiveSearch": {
    "savedQueries": []
  }
}